Razao Social,Email
teste ltda,luiz.hillebrande1505@gmail.com
teste ltda,luiz.hillebrande1505@gmail.com
teste ltda,luiz.hillebrande1505@gmail.com
teste ltda,luiz.hillebrande1505@gmail.com
teste ltda,luiz.hillebrande1505@gmail.com
teste ltda,luiz.hillebrande1505@gmail.com
teste ltda,luiz.hillebrande1505@gmail.com
teste ltda,luiz.hillebrande1505@gmail.com
teste ltda,luiz.hillebrande1505@gmail.com
teste ltda,luiz.hillebrande1505@gmail.com
teste ltda,luiz.hillebrande1505@gmail.com
teste ltda,luiz.hillebrande1505@gmail.com
teste ltda,luiz.hillebrande1505@gmail.com
teste ltda,luiz.hillebrande1505@gmail.com
teste ltda,luiz.hillebrande1505@gmail.com
teste ltda,luiz.hillebrande1505@gmail.com
teste ltda,luiz.hillebrande1505@gmail.com
teste ltda,luiz.hillebrande1505@gmail.com
teste ltda,luiz.hillebrande1505@gmail.com
teste ltda,luiz.hillebrande1505@gmail.com
teste ltda,luiz.hillebrande1505@gmail.com
teste ltda,luiz.hillebrande1505@gmail.com
teste ltda,luiz.hillebrande1505@gmail.com
teste ltda,luiz.hillebrande1505@gmail.com
teste ltda,luiz.hillebrande1505@gmail.com
teste ltda,luiz.hillebrande1505@gmail.com
teste ltda,luiz.hillebrande1505@gmail.com
teste ltda,luiz.hillebrande1505@gmail.com
teste ltda,luiz.hillebrande1505@gmail.com
teste ltda,luiz.hillebrande1505@gmail.com
teste ltda,luiz.hillebrande1505@gmail.com
teste ltda,luiz.hillebrande1505@gmail.com
teste ltda,luiz.hillebrande1505@gmail.com
teste ltda,luiz.hillebrande1505@gmail.com
teste ltda,luiz.hillebrande1505@gmail.com
teste ltda,luiz.hillebrande1505@gmail.com
teste ltda,luiz.hillebrande1505@gmail.com
teste ltda,luiz.hillebrande1505@gmail.com
teste ltda,luiz.hillebrande1505@gmail.com
teste ltda,luiz.hillebrande1505@gmail.com
teste ltda,luiz.hillebrande1505@gmail.com
teste ltda,luiz.hillebrande1505@gmail.com
teste ltda,luiz.hillebrande1505@gmail.com
teste ltda,luiz.hillebrande1505@gmail.com
teste ltda,luiz.hillebrande1505@gmail.com
teste ltda,luiz.hillebrande1505@gmail.com
teste ltda,luiz.hillebrande1505@gmail.com
teste ltda,luiz.hillebrande1505@gmail.com
teste ltda,luiz.hillebrande1505@gmail.com
teste ltda,luiz.hillebrande1505@gmail.com
teste ltda,luiz.hillebrande1505@gmail.com
teste ltda,luiz.hillebrande1505@gmail.com
teste ltda,luiz.hillebrande1505@gmail.com
teste ltda,luiz.hillebrande1505@gmail.com
teste ltda,luiz.hillebrande1505@gmail.com
teste ltda,luiz.hillebrande1505@gmail.com
teste ltda,luiz.hillebrande1505@gmail.com
teste ltda,luiz.hillebrande1505@gmail.com
teste ltda,luiz.hillebrande1505@gmail.com
teste ltda,luiz.hillebrande1505@gmail.com
teste ltda,luiz.hillebrande1505@gmail.com
teste ltda,luiz.hillebrande1505@gmail.com
teste ltda,luiz.hillebrande1505@gmail.com
teste ltda,luiz.hillebrande1505@gmail.com
teste ltda,luiz.hillebrande1505@gmail.com
teste ltda,luiz.hillebrande1505@gmail.com
teste ltda,luiz.hillebrande1505@gmail.com
teste ltda,luiz.hillebrande1505@gmail.com
teste ltda,luiz.hillebrande1505@gmail.com
teste ltda,luiz.hillebrande1505@gmail.com
teste ltda,luiz.hillebrande1505@gmail.com
teste ltda,luiz.hillebrande1505@gmail.com
teste ltda,luiz.hillebrande1505@gmail.com
teste ltda,luiz.hillebrande1505@gmail.com
teste ltda,luiz.hillebrande1505@gmail.com
teste ltda,luiz.hillebrande1505@gmail.com
teste ltda,luiz.hillebrande1505@gmail.com
teste ltda,luiz.hillebrande1505@gmail.com
teste ltda,luiz.hillebrande1505@gmail.com
teste ltda,luiz.hillebrande1505@gmail.com
teste ltda,luiz.hillebrande1505@gmail.com
teste ltda,luiz.hillebrande1505@gmail.com
teste ltda,luiz.hillebrande1505@gmail.com
teste ltda,luiz.hillebrande1505@gmail.com
teste ltda,luiz.hillebrande1505@gmail.com
teste ltda,luiz.hillebrande1505@gmail.com
teste ltda,luiz.hillebrande1505@gmail.com
teste ltda,luiz.hillebrande1505@gmail.com
teste ltda,luiz.hillebrande1505@gmail.com
teste ltda,luiz.hillebrande1505@gmail.com
teste ltda,luiz.hillebrande1505@gmail.com
teste ltda,luiz.hillebrande1505@gmail.com
teste ltda,luiz.hillebrande1505@gmail.com
teste ltda,luiz.hillebrande1505@gmail.com
teste ltda,luiz.hillebrande1505@gmail.com
teste ltda,luiz.hillebrande1505@gmail.com
teste ltda,luiz.hillebrande1505@gmail.com
teste ltda,luiz.hillebrande1505@gmail.com
teste ltda,luiz.hillebrande1505@gmail.com
teste ltda,luiz.hillebrande1505@gmail.com
teste ltda,luiz.hillebrande1505@gmail.com
teste ltda,luiz.hillebrande1505@gmail.com
teste ltda,luiz.hillebrande1505@gmail.com
teste ltda,luiz.hillebrande1505@gmail.com
teste ltda,luiz.hillebrande1505@gmail.com
teste ltda,luiz.hillebrande1505@gmail.com
teste ltda,luiz.hillebrande1505@gmail.com
teste ltda,luiz.hillebrande1505@gmail.com
teste ltda,luiz.hillebrande1505@gmail.com
teste ltda,luiz.hillebrande1505@gmail.com
teste ltda,luiz.hillebrande1505@gmail.com
teste ltda,luiz.hillebrande1505@gmail.com
teste ltda,luiz.hillebrande1505@gmail.com
teste ltda,luiz.hillebrande1505@gmail.com
teste ltda,luiz.hillebrande1505@gmail.com
teste ltda,luiz.hillebrande1505@gmail.com
teste ltda,luiz.hillebrande1505@gmail.com
teste ltda,luiz.hillebrande1505@gmail.com
teste ltda,luiz.hillebrande1505@gmail.com
teste ltda,luiz.hillebrande1505@gmail.com
teste ltda,luiz.hillebrande1505@gmail.com
teste ltda,luiz.hillebrande1505@gmail.com
teste ltda,luiz.hillebrande1505@gmail.com
teste ltda,luiz.hillebrande1505@gmail.com
teste ltda,luiz.hillebrande1505@gmail.com
teste ltda,luiz.hillebrande1505@gmail.com
teste ltda,luiz.hillebrande1505@gmail.com
teste ltda,luiz.hillebrande1505@gmail.com
teste ltda,luiz.hillebrande1505@gmail.com
teste ltda,luiz.hillebrande1505@gmail.com
teste ltda,luiz.hillebrande1505@gmail.com
teste ltda,luiz.hillebrande1505@gmail.com
teste ltda,luiz.hillebrande1505@gmail.com
teste ltda,luiz.hillebrande1505@gmail.com
teste ltda,luiz.hillebrande1505@gmail.com
teste ltda,luiz.hillebrande1505@gmail.com
teste ltda,luiz.hillebrande1505@gmail.com
teste ltda,luiz.hillebrande1505@gmail.com
teste ltda,luiz.hillebrande1505@gmail.com
teste ltda,luiz.hillebrande1505@gmail.com
teste ltda,luiz.hillebrande1505@gmail.com
teste ltda,luiz.hillebrande1505@gmail.com
teste ltda,luiz.hillebrande1505@gmail.com
teste ltda,luiz.hillebrande1505@gmail.com
teste ltda,luiz.hillebrande1505@gmail.com
teste ltda,luiz.hillebrande1505@gmail.com
teste ltda,luiz.hillebrande1505@gmail.com
teste ltda,luiz.hillebrande1505@gmail.com
teste ltda,luiz.hillebrande1505@gmail.com
teste ltda,luiz.hillebrande1505@gmail.com
teste ltda,luiz.hillebrande1505@gmail.com
teste ltda,luiz.hillebrande1505@gmail.com
teste ltda,luiz.hillebrande1505@gmail.com
teste ltda,luiz.hillebrande1505@gmail.com
teste ltda,luiz.hillebrande1505@gmail.com
teste ltda,luiz.hillebrande1505@gmail.com
teste ltda,luiz.hillebrande1505@gmail.com
teste ltda,luiz.hillebrande1505@gmail.com
teste ltda,luiz.hillebrande1505@gmail.com
teste ltda,luiz.hillebrande1505@gmail.com
teste ltda,luiz.hillebrande1505@gmail.com
teste ltda,luiz.hillebrande1505@gmail.com
teste ltda,luiz.hillebrande1505@gmail.com
teste ltda,luiz.hillebrande1505@gmail.com
teste ltda,luiz.hillebrande1505@gmail.com
teste ltda,luiz.hillebrande1505@gmail.com
teste ltda,luiz.hillebrande1505@gmail.com
teste ltda,luiz.hillebrande1505@gmail.com
teste ltda,luiz.hillebrande1505@gmail.com
teste ltda,luiz.hillebrande1505@gmail.com
teste ltda,luiz.hillebrande1505@gmail.com
teste ltda,luiz.hillebrande1505@gmail.com
teste ltda,luiz.hillebrande1505@gmail.com
teste ltda,luiz.hillebrande1505@gmail.com
teste ltda,luiz.hillebrande1505@gmail.com
teste ltda,luiz.hillebrande1505@gmail.com
teste ltda,luiz.hillebrande1505@gmail.com
teste ltda,luiz.hillebrande1505@gmail.com
teste ltda,luiz.hillebrande1505@gmail.com
teste ltda,luiz.hillebrande1505@gmail.com
teste ltda,luiz.hillebrande1505@gmail.com
teste ltda,luiz.hillebrande1505@gmail.com
teste ltda,luiz.hillebrande1505@gmail.com
teste ltda,luiz.hillebrande1505@gmail.com
teste ltda,luiz.hillebrande1505@gmail.com
teste ltda,luiz.hillebrande1505@gmail.com
teste ltda,luiz.hillebrande1505@gmail.com
teste ltda,luiz.hillebrande1505@gmail.com
teste ltda,luiz.hillebrande1505@gmail.com
teste ltda,luiz.hillebrande1505@gmail.com
teste ltda,luiz.hillebrande1505@gmail.com
teste ltda,luiz.hillebrande1505@gmail.com
teste ltda,luiz.hillebrande1505@gmail.com
teste ltda,luiz.hillebrande1505@gmail.com
teste ltda,luiz.hillebrande1505@gmail.com
teste ltda,luiz.hillebrande1505@gmail.com
teste ltda,luiz.hillebrande1505@gmail.com
teste ltda,luiz.hillebrande1505@gmail.com
teste ltda,luiz.hillebrande1505@gmail.com
teste ltda,luiz.hillebrande1505@gmail.com
teste ltda,luiz.hillebrande1505@gmail.com
teste ltda,luiz.hillebrande1505@gmail.com
teste ltda,luiz.hillebrande1505@gmail.com
teste ltda,luiz.hillebrande1505@gmail.com
teste ltda,luiz.hillebrande1505@gmail.com
teste ltda,luiz.hillebrande1505@gmail.com
teste ltda,luiz.hillebrande1505@gmail.com
teste ltda,luiz.hillebrande1505@gmail.com
teste ltda,luiz.hillebrande1505@gmail.com
teste ltda,luiz.hillebrande1505@gmail.com
teste ltda,luiz.hillebrande1505@gmail.com
teste ltda,luiz.hillebrande1505@gmail.com
teste ltda,luiz.hillebrande1505@gmail.com
teste ltda,luiz.hillebrande1505@gmail.com
teste ltda,luiz.hillebrande1505@gmail.com
teste ltda,luiz.hillebrande1505@gmail.com
teste ltda,luiz.hillebrande1505@gmail.com
teste ltda,luiz.hillebrande1505@gmail.com
teste ltda,luiz.hillebrande1505@gmail.com
teste ltda,luiz.hillebrande1505@gmail.com
teste ltda,luiz.hillebrande1505@gmail.com
teste ltda,luiz.hillebrande1505@gmail.com
teste ltda,luiz.hillebrande1505@gmail.com
teste ltda,luiz.hillebrande1505@gmail.com
teste ltda,luiz.hillebrande1505@gmail.com
teste ltda,luiz.hillebrande1505@gmail.com
teste ltda,luiz.hillebrande1505@gmail.com
teste ltda,luiz.hillebrande1505@gmail.com
teste ltda,luiz.hillebrande1505@gmail.com
teste ltda,luiz.hillebrande1505@gmail.com
teste ltda,luiz.hillebrande1505@gmail.com
teste ltda,luiz.hillebrande1505@gmail.com
teste ltda,luiz.hillebrande1505@gmail.com
teste ltda,luiz.hillebrande1505@gmail.com
teste ltda,luiz.hillebrande1505@gmail.com
teste ltda,luiz.hillebrande1505@gmail.com
teste ltda,luiz.hillebrande1505@gmail.com
teste ltda,luiz.hillebrande1505@gmail.com
teste ltda,luiz.hillebrande1505@gmail.com
teste ltda,luiz.hillebrande1505@gmail.com
teste ltda,luiz.hillebrande1505@gmail.com
teste ltda,luiz.hillebrande1505@gmail.com
teste ltda,luiz.hillebrande1505@gmail.com
teste ltda,luiz.hillebrande1505@gmail.com
teste ltda,luiz.hillebrande1505@gmail.com
teste ltda,luiz.hillebrande1505@gmail.com
teste ltda,luiz.hillebrande1505@gmail.com
teste ltda,luiz.hillebrande1505@gmail.com
teste ltda,luiz.hillebrande1505@gmail.com
teste ltda,luiz.hillebrande1505@gmail.com
teste ltda,luiz.hillebrande1505@gmail.com
teste ltda,luiz.hillebrande1505@gmail.com
teste ltda,luiz.hillebrande1505@gmail.com
teste ltda,luiz.hillebrande1505@gmail.com
teste ltda,luiz.hillebrande1505@gmail.com
teste ltda,luiz.hillebrande1505@gmail.com
teste ltda,luiz.hillebrande1505@gmail.com
teste ltda,luiz.hillebrande1505@gmail.com
teste ltda,luiz.hillebrande1505@gmail.com
teste ltda,luiz.hillebrande1505@gmail.com
teste ltda,luiz.hillebrande1505@gmail.com
teste ltda,luiz.hillebrande1505@gmail.com
teste ltda,luiz.hillebrande1505@gmail.com
teste ltda,luiz.hillebrande1505@gmail.com
teste ltda,luiz.hillebrande1505@gmail.com
teste ltda,luiz.hillebrande1505@gmail.com
teste ltda,luiz.hillebrande1505@gmail.com
teste ltda,luiz.hillebrande1505@gmail.com
teste ltda,luiz.hillebrande1505@gmail.com
teste ltda,luiz.hillebrande1505@gmail.com
teste ltda,luiz.hillebrande1505@gmail.com
teste ltda,luiz.hillebrande1505@gmail.com
teste ltda,luiz.hillebrande1505@gmail.com
teste ltda,luiz.hillebrande1505@gmail.com
teste ltda,luiz.hillebrande1505@gmail.com
teste ltda,luiz.hillebrande1505@gmail.com
teste ltda,luiz.hillebrande1505@gmail.com
teste ltda,luiz.hillebrande1505@gmail.com
teste ltda,luiz.hillebrande1505@gmail.com
teste ltda,luiz.hillebrande1505@gmail.com
teste ltda,luiz.hillebrande1505@gmail.com
teste ltda,luiz.hillebrande1505@gmail.com
teste ltda,luiz.hillebrande1505@gmail.com
teste ltda,luiz.hillebrande1505@gmail.com
teste ltda,luiz.hillebrande1505@gmail.com
teste ltda,luiz.hillebrande1505@gmail.com
teste ltda,luiz.hillebrande1505@gmail.com
teste ltda,luiz.hillebrande1505@gmail.com
teste ltda,luiz.hillebrande1505@gmail.com
teste ltda,luiz.hillebrande1505@gmail.com
teste ltda,luiz.hillebrande1505@gmail.com
teste ltda,luiz.hillebrande1505@gmail.com
teste ltda,luiz.hillebrande1505@gmail.com
teste ltda,luiz.hillebrande1505@gmail.com
teste ltda,luiz.hillebrande1505@gmail.com
teste ltda,luiz.hillebrande1505@gmail.com
teste ltda,luiz.hillebrande1505@gmail.com
teste ltda,luiz.hillebrande1505@gmail.com
teste ltda,luiz.hillebrande1505@gmail.com
teste ltda,luiz.hillebrande1505@gmail.com
teste ltda,luiz.hillebrande1505@gmail.com
teste ltda,luiz.hillebrande1505@gmail.com
teste ltda,luiz.hillebrande1505@gmail.com
teste ltda,luiz.hillebrande1505@gmail.com
teste ltda,luiz.hillebrande1505@gmail.com
teste ltda,luiz.hillebrande1505@gmail.com
teste ltda,luiz.hillebrande1505@gmail.com
teste ltda,luiz.hillebrande1505@gmail.com
teste ltda,luiz.hillebrande1505@gmail.com
teste ltda,luiz.hillebrande1505@gmail.com
teste ltda,luiz.hillebrande1505@gmail.com
teste ltda,luiz.hillebrande1505@gmail.com
teste ltda,luiz.hillebrande1505@gmail.com
teste ltda,luiz.hillebrande1505@gmail.com
teste ltda,luiz.hillebrande1505@gmail.com
teste ltda,luiz.hillebrande1505@gmail.com
teste ltda,luiz.hillebrande1505@gmail.com
teste ltda,luiz.hillebrande1505@gmail.com
teste ltda,luiz.hillebrande1505@gmail.com
teste ltda,luiz.hillebrande1505@gmail.com
teste ltda,luiz.hillebrande1505@gmail.com
teste ltda,luiz.hillebrande1505@gmail.com
teste ltda,luiz.hillebrande1505@gmail.com
teste ltda,luiz.hillebrande1505@gmail.com
teste ltda,luiz.hillebrande1505@gmail.com
teste ltda,luiz.hillebrande1505@gmail.com
teste ltda,luiz.hillebrande1505@gmail.com
teste ltda,luiz.hillebrande1505@gmail.com
teste ltda,luiz.hillebrande1505@gmail.com
teste ltda,luiz.hillebrande1505@gmail.com
teste ltda,luiz.hillebrande1505@gmail.com
teste ltda,luiz.hillebrande1505@gmail.com
teste ltda,luiz.hillebrande1505@gmail.com
teste ltda,luiz.hillebrande1505@gmail.com
teste ltda,luiz.hillebrande1505@gmail.com
teste ltda,luiz.hillebrande1505@gmail.com
teste ltda,luiz.hillebrande1505@gmail.com
teste ltda,luiz.hillebrande1505@gmail.com
teste ltda,luiz.hillebrande1505@gmail.com
teste ltda,luiz.hillebrande1505@gmail.com
teste ltda,luiz.hillebrande1505@gmail.com
teste ltda,luiz.hillebrande1505@gmail.com
teste ltda,luiz.hillebrande1505@gmail.com
teste ltda,luiz.hillebrande1505@gmail.com
teste ltda,luiz.hillebrande1505@gmail.com
teste ltda,luiz.hillebrande1505@gmail.com
teste ltda,luiz.hillebrande1505@gmail.com
teste ltda,luiz.hillebrande1505@gmail.com
teste ltda,luiz.hillebrande1505@gmail.com
teste ltda,luiz.hillebrande1505@gmail.com
teste ltda,luiz.hillebrande1505@gmail.com
teste ltda,luiz.hillebrande1505@gmail.com
teste ltda,luiz.hillebrande1505@gmail.com
teste ltda,luiz.hillebrande1505@gmail.com
teste ltda,luiz.hillebrande1505@gmail.com
teste ltda,luiz.hillebrande1505@gmail.com
teste ltda,luiz.hillebrande1505@gmail.com
teste ltda,luiz.hillebrande1505@gmail.com
teste ltda,luiz.hillebrande1505@gmail.com
teste ltda,luiz.hillebrande1505@gmail.com
teste ltda,luiz.hillebrande1505@gmail.com
teste ltda,luiz.hillebrande1505@gmail.com
teste ltda,luiz.hillebrande1505@gmail.com
teste ltda,luiz.hillebrande1505@gmail.com
teste ltda,luiz.hillebrande1505@gmail.com
teste ltda,luiz.hillebrande1505@gmail.com
teste ltda,luiz.hillebrande1505@gmail.com
teste ltda,luiz.hillebrande1505@gmail.com
teste ltda,luiz.hillebrande1505@gmail.com
teste ltda,luiz.hillebrande1505@gmail.com
teste ltda,luiz.hillebrande1505@gmail.com
teste ltda,luiz.hillebrande1505@gmail.com
teste ltda,luiz.hillebrande1505@gmail.com
teste ltda,luiz.hillebrande1505@gmail.com
teste ltda,luiz.hillebrande1505@gmail.com
teste ltda,luiz.hillebrande1505@gmail.com
teste ltda,luiz.hillebrande1505@gmail.com
teste ltda,luiz.hillebrande1505@gmail.com
teste ltda,luiz.hillebrande1505@gmail.com
teste ltda,luiz.hillebrande1505@gmail.com
teste ltda,luiz.hillebrande1505@gmail.com
teste ltda,luiz.hillebrande1505@gmail.com
teste ltda,luiz.hillebrande1505@gmail.com
teste ltda,luiz.hillebrande1505@gmail.com
teste ltda,luiz.hillebrande1505@gmail.com
teste ltda,luiz.hillebrande1505@gmail.com
teste ltda,luiz.hillebrande1505@gmail.com
teste ltda,luiz.hillebrande1505@gmail.com
teste ltda,luiz.hillebrande1505@gmail.com
teste ltda,luiz.hillebrande1505@gmail.com
teste ltda,luiz.hillebrande1505@gmail.com
teste ltda,luiz.hillebrande1505@gmail.com
teste ltda,luiz.hillebrande1505@gmail.com
teste ltda,luiz.hillebrande1505@gmail.com
teste ltda,luiz.hillebrande1505@gmail.com
teste ltda,luiz.hillebrande1505@gmail.com
teste ltda,luiz.hillebrande1505@gmail.com
teste ltda,luiz.hillebrande1505@gmail.com
teste ltda,luiz.hillebrande1505@gmail.com
teste ltda,luiz.hillebrande1505@gmail.com
teste ltda,luiz.hillebrande1505@gmail.com
teste ltda,luiz.hillebrande1505@gmail.com
teste ltda,luiz.hillebrande1505@gmail.com
teste ltda,luiz.hillebrande1505@gmail.com
teste ltda,luiz.hillebrande1505@gmail.com
teste ltda,luiz.hillebrande1505@gmail.com
teste ltda,luiz.hillebrande1505@gmail.com
teste ltda,luiz.hillebrande1505@gmail.com
teste ltda,luiz.hillebrande1505@gmail.com
teste ltda,luiz.hillebrande1505@gmail.com
teste ltda,luiz.hillebrande1505@gmail.com
teste ltda,luiz.hillebrande1505@gmail.com
teste ltda,luiz.hillebrande1505@gmail.com
teste ltda,luiz.hillebrande1505@gmail.com
teste ltda,luiz.hillebrande1505@gmail.com
teste ltda,luiz.hillebrande1505@gmail.com
teste ltda,luiz.hillebrande1505@gmail.com
teste ltda,luiz.hillebrande1505@gmail.com
teste ltda,luiz.hillebrande1505@gmail.com
teste ltda,luiz.hillebrande1505@gmail.com
teste ltda,luiz.hillebrande1505@gmail.com
teste ltda,luiz.hillebrande1505@gmail.com
teste ltda,luiz.hillebrande1505@gmail.com
teste ltda,luiz.hillebrande1505@gmail.com
teste ltda,luiz.hillebrande1505@gmail.com
teste ltda,luiz.hillebrande1505@gmail.com
teste ltda,luiz.hillebrande1505@gmail.com
teste ltda,luiz.hillebrande1505@gmail.com
teste ltda,luiz.hillebrande1505@gmail.com
teste ltda,luiz.hillebrande1505@gmail.com
teste ltda,luiz.hillebrande1505@gmail.com
teste ltda,luiz.hillebrande1505@gmail.com
teste ltda,luiz.hillebrande1505@gmail.com
teste ltda,luiz.hillebrande1505@gmail.com
teste ltda,luiz.hillebrande1505@gmail.com
teste ltda,luiz.hillebrande1505@gmail.com
teste ltda,luiz.hillebrande1505@gmail.com
teste ltda,luiz.hillebrande1505@gmail.com
teste ltda,luiz.hillebrande1505@gmail.com
teste ltda,luiz.hillebrande1505@gmail.com
teste ltda,luiz.hillebrande1505@gmail.com
teste ltda,luiz.hillebrande1505@gmail.com
teste ltda,luiz.hillebrande1505@gmail.com
teste ltda,luiz.hillebrande1505@gmail.com
teste ltda,luiz.hillebrande1505@gmail.com
teste ltda,luiz.hillebrande1505@gmail.com
teste ltda,luiz.hillebrande1505@gmail.com
teste ltda,luiz.hillebrande1505@gmail.com
teste ltda,luiz.hillebrande1505@gmail.com
teste ltda,luiz.hillebrande1505@gmail.com
teste ltda,luiz.hillebrande1505@gmail.com
teste ltda,luiz.hillebrande1505@gmail.com
teste ltda,luiz.hillebrande1505@gmail.com
teste ltda,luiz.hillebrande1505@gmail.com
teste ltda,luiz.hillebrande1505@gmail.com
teste ltda,luiz.hillebrande1505@gmail.com
teste ltda,luiz.hillebrande1505@gmail.com
teste ltda,luiz.hillebrande1505@gmail.com
teste ltda,luiz.hillebrande1505@gmail.com
teste ltda,luiz.hillebrande1505@gmail.com
teste ltda,luiz.hillebrande1505@gmail.com
teste ltda,luiz.hillebrande1505@gmail.com
teste ltda,luiz.hillebrande1505@gmail.com
teste ltda,luiz.hillebrande1505@gmail.com
teste ltda,luiz.hillebrande1505@gmail.com
teste ltda,luiz.hillebrande1505@gmail.com
teste ltda,luiz.hillebrande1505@gmail.com
teste ltda,luiz.hillebrande1505@gmail.com
teste ltda,luiz.hillebrande1505@gmail.com
teste ltda,luiz.hillebrande1505@gmail.com
teste ltda,luiz.hillebrande1505@gmail.com
teste ltda,luiz.hillebrande1505@gmail.com
teste ltda,luiz.hillebrande1505@gmail.com
teste ltda,luiz.hillebrande1505@gmail.com
teste ltda,luiz.hillebrande1505@gmail.com
teste ltda,luiz.hillebrande1505@gmail.com
teste ltda,luiz.hillebrande1505@gmail.com
teste ltda,luiz.hillebrande1505@gmail.com
teste ltda,luiz.hillebrande1505@gmail.com
teste ltda,luiz.hillebrande1505@gmail.com
teste ltda,luiz.hillebrande1505@gmail.com
teste ltda,luiz.hillebrande1505@gmail.com
teste ltda,luiz.hillebrande1505@gmail.com
teste ltda,luiz.hillebrande1505@gmail.com
teste ltda,luiz.hillebrande1505@gmail.com
teste ltda,luiz.hillebrande1505@gmail.com
teste ltda,luiz.hillebrande1505@gmail.com
teste ltda,luiz.hillebrande1505@gmail.com
teste ltda,luiz.hillebrande1505@gmail.com
teste ltda,luiz.hillebrande1505@gmail.com
teste ltda,luiz.hillebrande1505@gmail.com
teste ltda,luiz.hillebrande1505@gmail.com
teste ltda,luiz.hillebrande1505@gmail.com
teste ltda,luiz.hillebrande1505@gmail.com
teste ltda,luiz.hillebrande1505@gmail.com
teste ltda,luiz.hillebrande1505@gmail.com
teste ltda,luiz.hillebrande1505@gmail.com
teste ltda,luiz.hillebrande1505@gmail.com
teste ltda,luiz.hillebrande1505@gmail.com
teste ltda,luiz.hillebrande1505@gmail.com
teste ltda,luiz.hillebrande1505@gmail.com
teste ltda,luiz.hillebrande1505@gmail.com
teste ltda,luiz.hillebrande1505@gmail.com
teste ltda,luiz.hillebrande1505@gmail.com
teste ltda,luiz.hillebrande1505@gmail.com
teste ltda,luiz.hillebrande1505@gmail.com
teste ltda,luiz.hillebrande1505@gmail.com
teste ltda,luiz.hillebrande1505@gmail.com
teste ltda,luiz.hillebrande1505@gmail.com
teste ltda,luiz.hillebrande1505@gmail.com
teste ltda,luiz.hillebrande1505@gmail.com
teste ltda,luiz.hillebrande1505@gmail.com
teste ltda,luiz.hillebrande1505@gmail.com
teste ltda,luiz.hillebrande1505@gmail.com
teste ltda,luiz.hillebrande1505@gmail.com
teste ltda,luiz.hillebrande1505@gmail.com
teste ltda,luiz.hillebrande1505@gmail.com
teste ltda,luiz.hillebrande1505@gmail.com
teste ltda,luiz.hillebrande1505@gmail.com
teste ltda,luiz.hillebrande1505@gmail.com
teste ltda,luiz.hillebrande1505@gmail.com
teste ltda,luiz.hillebrande1505@gmail.com
teste ltda,luiz.hillebrande1505@gmail.com
teste ltda,luiz.hillebrande1505@gmail.com
teste ltda,luiz.hillebrande1505@gmail.com
teste ltda,luiz.hillebrande1505@gmail.com
teste ltda,luiz.hillebrande1505@gmail.com
teste ltda,luiz.hillebrande1505@gmail.com
teste ltda,luiz.hillebrande1505@gmail.com
teste ltda,luiz.hillebrande1505@gmail.com
teste ltda,luiz.hillebrande1505@gmail.com
teste ltda,luiz.hillebrande1505@gmail.com
teste ltda,luiz.hillebrande1505@gmail.com
teste ltda,luiz.hillebrande1505@gmail.com
teste ltda,luiz.hillebrande1505@gmail.com
teste ltda,luiz.hillebrande1505@gmail.com
teste ltda,luiz.hillebrande1505@gmail.com
teste ltda,luiz.hillebrande1505@gmail.com
teste ltda,luiz.hillebrande1505@gmail.com
teste ltda,luiz.hillebrande1505@gmail.com
teste ltda,luiz.hillebrande1505@gmail.com
teste ltda,luiz.hillebrande1505@gmail.com
teste ltda,luiz.hillebrande1505@gmail.com
teste ltda,luiz.hillebrande1505@gmail.com
teste ltda,luiz.hillebrande1505@gmail.com
teste ltda,luiz.hillebrande1505@gmail.com
teste ltda,luiz.hillebrande1505@gmail.com
teste ltda,luiz.hillebrande1505@gmail.com
teste ltda,luiz.hillebrande1505@gmail.com
teste ltda,luiz.hillebrande1505@gmail.com
teste ltda,luiz.hillebrande1505@gmail.com
teste ltda,luiz.hillebrande1505@gmail.com
teste ltda,luiz.hillebrande1505@gmail.com
teste ltda,luiz.hillebrande1505@gmail.com
teste ltda,luiz.hillebrande1505@gmail.com
teste ltda,luiz.hillebrande1505@gmail.com
teste ltda,luiz.hillebrande1505@gmail.com
teste ltda,luiz.hillebrande1505@gmail.com
teste ltda,luiz.hillebrande1505@gmail.com
teste ltda,luiz.hillebrande1505@gmail.com
teste ltda,luiz.hillebrande1505@gmail.com
teste ltda,luiz.hillebrande1505@gmail.com
teste ltda,luiz.hillebrande1505@gmail.com
teste ltda,luiz.hillebrande1505@gmail.com
teste ltda,luiz.hillebrande1505@gmail.com
teste ltda,luiz.hillebrande1505@gmail.com
teste ltda,luiz.hillebrande1505@gmail.com
teste ltda,luiz.hillebrande1505@gmail.com
teste ltda,luiz.hillebrande1505@gmail.com
teste ltda,luiz.hillebrande1505@gmail.com
teste ltda,luiz.hillebrande1505@gmail.com
teste ltda,luiz.hillebrande1505@gmail.com
teste ltda,luiz.hillebrande1505@gmail.com
teste ltda,luiz.hillebrande1505@gmail.com
teste ltda,luiz.hillebrande1505@gmail.com
teste ltda,luiz.hillebrande1505@gmail.com
teste ltda,luiz.hillebrande1505@gmail.com
teste ltda,luiz.hillebrande1505@gmail.com
teste ltda,luiz.hillebrande1505@gmail.com
teste ltda,luiz.hillebrande1505@gmail.com
teste ltda,luiz.hillebrande1505@gmail.com
teste ltda,luiz.hillebrande1505@gmail.com
teste ltda,luiz.hillebrande1505@gmail.com
teste ltda,luiz.hillebrande1505@gmail.com
teste ltda,luiz.hillebrande1505@gmail.com
teste ltda,luiz.hillebrande1505@gmail.com
teste ltda,luiz.hillebrande1505@gmail.com
teste ltda,luiz.hillebrande1505@gmail.com
teste ltda,luiz.hillebrande1505@gmail.com
teste ltda,luiz.hillebrande1505@gmail.com
teste ltda,luiz.hillebrande1505@gmail.com
teste ltda,luiz.hillebrande1505@gmail.com
teste ltda,luiz.hillebrande1505@gmail.com
teste ltda,luiz.hillebrande1505@gmail.com
teste ltda,luiz.hillebrande1505@gmail.com
teste ltda,luiz.hillebrande1505@gmail.com
teste ltda,luiz.hillebrande1505@gmail.com
teste ltda,luiz.hillebrande1505@gmail.com
teste ltda,luiz.hillebrande1505@gmail.com
teste ltda,luiz.hillebrande1505@gmail.com
teste ltda,luiz.hillebrande1505@gmail.com
teste ltda,luiz.hillebrande1505@gmail.com
teste ltda,luiz.hillebrande1505@gmail.com
teste ltda,luiz.hillebrande1505@gmail.com
teste ltda,luiz.hillebrande1505@gmail.com
teste ltda,luiz.hillebrande1505@gmail.com
teste ltda,luiz.hillebrande1505@gmail.com
teste ltda,luiz.hillebrande1505@gmail.com
teste ltda,luiz.hillebrande1505@gmail.com
teste ltda,luiz.hillebrande1505@gmail.com
teste ltda,luiz.hillebrande1505@gmail.com
teste ltda,luiz.hillebrande1505@gmail.com
teste ltda,luiz.hillebrande1505@gmail.com
teste ltda,luiz.hillebrande1505@gmail.com
teste ltda,luiz.hillebrande1505@gmail.com
teste ltda,luiz.hillebrande1505@gmail.com
teste ltda,luiz.hillebrande1505@gmail.com
teste ltda,luiz.hillebrande1505@gmail.com
teste ltda,luiz.hillebrande1505@gmail.com
teste ltda,luiz.hillebrande1505@gmail.com
teste ltda,luiz.hillebrande1505@gmail.com
teste ltda,luiz.hillebrande1505@gmail.com
teste ltda,luiz.hillebrande1505@gmail.com
teste ltda,luiz.hillebrande1505@gmail.com
teste ltda,luiz.hillebrande1505@gmail.com
teste ltda,luiz.hillebrande1505@gmail.com
teste ltda,luiz.hillebrande1505@gmail.com
teste ltda,luiz.hillebrande1505@gmail.com
teste ltda,luiz.hillebrande1505@gmail.com
teste ltda,luiz.hillebrande1505@gmail.com
teste ltda,luiz.hillebrande1505@gmail.com
teste ltda,luiz.hillebrande1505@gmail.com
teste ltda,luiz.hillebrande1505@gmail.com
teste ltda,luiz.hillebrande1505@gmail.com
teste ltda,luiz.hillebrande1505@gmail.com
teste ltda,luiz.hillebrande1505@gmail.com
teste ltda,luiz.hillebrande1505@gmail.com
teste ltda,luiz.hillebrande1505@gmail.com
teste ltda,luiz.hillebrande1505@gmail.com
teste ltda,luiz.hillebrande1505@gmail.com
teste ltda,luiz.hillebrande1505@gmail.com
teste ltda,luiz.hillebrande1505@gmail.com
teste ltda,luiz.hillebrande1505@gmail.com
teste ltda,luiz.hillebrande1505@gmail.com
teste ltda,luiz.hillebrande1505@gmail.com
teste ltda,luiz.hillebrande1505@gmail.com
teste ltda,luiz.hillebrande1505@gmail.com
teste ltda,luiz.hillebrande1505@gmail.com
teste ltda,luiz.hillebrande1505@gmail.com
teste ltda,luiz.hillebrande1505@gmail.com
teste ltda,luiz.hillebrande1505@gmail.com
teste ltda,luiz.hillebrande1505@gmail.com
teste ltda,luiz.hillebrande1505@gmail.com
teste ltda,luiz.hillebrande1505@gmail.com
teste ltda,luiz.hillebrande1505@gmail.com
teste ltda,luiz.hillebrande1505@gmail.com
teste ltda,luiz.hillebrande1505@gmail.com
teste ltda,luiz.hillebrande1505@gmail.com
teste ltda,luiz.hillebrande1505@gmail.com
teste ltda,luiz.hillebrande1505@gmail.com
teste ltda,luiz.hillebrande1505@gmail.com
teste ltda,luiz.hillebrande1505@gmail.com
teste ltda,luiz.hillebrande1505@gmail.com
teste ltda,luiz.hillebrande1505@gmail.com
teste ltda,luiz.hillebrande1505@gmail.com
teste ltda,luiz.hillebrande1505@gmail.com
teste ltda,luiz.hillebrande1505@gmail.com
teste ltda,luiz.hillebrande1505@gmail.com
teste ltda,luiz.hillebrande1505@gmail.com
teste ltda,luiz.hillebrande1505@gmail.com
teste ltda,luiz.hillebrande1505@gmail.com
teste ltda,luiz.hillebrande1505@gmail.com
teste ltda,luiz.hillebrande1505@gmail.com
teste ltda,luiz.hillebrande1505@gmail.com
teste ltda,luiz.hillebrande1505@gmail.com
teste ltda,luiz.hillebrande1505@gmail.com
teste ltda,luiz.hillebrande1505@gmail.com
teste ltda,luiz.hillebrande1505@gmail.com
teste ltda,luiz.hillebrande1505@gmail.com
teste ltda,luiz.hillebrande1505@gmail.com
teste ltda,luiz.hillebrande1505@gmail.com
teste ltda,luiz.hillebrande1505@gmail.com
teste ltda,luiz.hillebrande1505@gmail.com
teste ltda,luiz.hillebrande1505@gmail.com
teste ltda,luiz.hillebrande1505@gmail.com
teste ltda,luiz.hillebrande1505@gmail.com
teste ltda,luiz.hillebrande1505@gmail.com
teste ltda,luiz.hillebrande1505@gmail.com
teste ltda,luiz.hillebrande1505@gmail.com
teste ltda,luiz.hillebrande1505@gmail.com
teste ltda,luiz.hillebrande1505@gmail.com
teste ltda,luiz.hillebrande1505@gmail.com
teste ltda,luiz.hillebrande1505@gmail.com
teste ltda,luiz.hillebrande1505@gmail.com
teste ltda,luiz.hillebrande1505@gmail.com
teste ltda,luiz.hillebrande1505@gmail.com
teste ltda,luiz.hillebrande1505@gmail.com
teste ltda,luiz.hillebrande1505@gmail.com
teste ltda,luiz.hillebrande1505@gmail.com
teste ltda,luiz.hillebrande1505@gmail.com
teste ltda,luiz.hillebrande1505@gmail.com
teste ltda,luiz.hillebrande1505@gmail.com
teste ltda,luiz.hillebrande1505@gmail.com
teste ltda,luiz.hillebrande1505@gmail.com
teste ltda,luiz.hillebrande1505@gmail.com
teste ltda,luiz.hillebrande1505@gmail.com
teste ltda,luiz.hillebrande1505@gmail.com
teste ltda,luiz.hillebrande1505@gmail.com
teste ltda,luiz.hillebrande1505@gmail.com
teste ltda,luiz.hillebrande1505@gmail.com
teste ltda,luiz.hillebrande1505@gmail.com
teste ltda,luiz.hillebrande1505@gmail.com
teste ltda,luiz.hillebrande1505@gmail.com
teste ltda,luiz.hillebrande1505@gmail.com
teste ltda,luiz.hillebrande1505@gmail.com
teste ltda,luiz.hillebrande1505@gmail.com
teste ltda,luiz.hillebrande1505@gmail.com
teste ltda,luiz.hillebrande1505@gmail.com
teste ltda,luiz.hillebrande1505@gmail.com
teste ltda,luiz.hillebrande1505@gmail.com
teste ltda,luiz.hillebrande1505@gmail.com
teste ltda,luiz.hillebrande1505@gmail.com
teste ltda,luiz.hillebrande1505@gmail.com
teste ltda,luiz.hillebrande1505@gmail.com
teste ltda,luiz.hillebrande1505@gmail.com
teste ltda,luiz.hillebrande1505@gmail.com
teste ltda,luiz.hillebrande1505@gmail.com
teste ltda,luiz.hillebrande1505@gmail.com
teste ltda,luiz.hillebrande1505@gmail.com
teste ltda,luiz.hillebrande1505@gmail.com
teste ltda,luiz.hillebrande1505@gmail.com
teste ltda,luiz.hillebrande1505@gmail.com
teste ltda,luiz.hillebrande1505@gmail.com
teste ltda,luiz.hillebrande1505@gmail.com
teste ltda,luiz.hillebrande1505@gmail.com
teste ltda,luiz.hillebrande1505@gmail.com
teste ltda,luiz.hillebrande1505@gmail.com
teste ltda,luiz.hillebrande1505@gmail.com
teste ltda,luiz.hillebrande1505@gmail.com
teste ltda,luiz.hillebrande1505@gmail.com
teste ltda,luiz.hillebrande1505@gmail.com
teste ltda,luiz.hillebrande1505@gmail.com
teste ltda,luiz.hillebrande1505@gmail.com
teste ltda,luiz.hillebrande1505@gmail.com
teste ltda,luiz.hillebrande1505@gmail.com
teste ltda,luiz.hillebrande1505@gmail.com
teste ltda,luiz.hillebrande1505@gmail.com
teste ltda,luiz.hillebrande1505@gmail.com
teste ltda,luiz.hillebrande1505@gmail.com
teste ltda,luiz.hillebrande1505@gmail.com
teste ltda,luiz.hillebrande1505@gmail.com
teste ltda,luiz.hillebrande1505@gmail.com
teste ltda,luiz.hillebrande1505@gmail.com
teste ltda,luiz.hillebrande1505@gmail.com
teste ltda,luiz.hillebrande1505@gmail.com
teste ltda,luiz.hillebrande1505@gmail.com
teste ltda,luiz.hillebrande1505@gmail.com
teste ltda,luiz.hillebrande1505@gmail.com
teste ltda,luiz.hillebrande1505@gmail.com
teste ltda,luiz.hillebrande1505@gmail.com
teste ltda,luiz.hillebrande1505@gmail.com
teste ltda,luiz.hillebrande1505@gmail.com
teste ltda,luiz.hillebrande1505@gmail.com
teste ltda,luiz.hillebrande1505@gmail.com
teste ltda,luiz.hillebrande1505@gmail.com
teste ltda,luiz.hillebrande1505@gmail.com
teste ltda,luiz.hillebrande1505@gmail.com
teste ltda,luiz.hillebrande1505@gmail.com
teste ltda,luiz.hillebrande1505@gmail.com
teste ltda,luiz.hillebrande1505@gmail.com
teste ltda,luiz.hillebrande1505@gmail.com
teste ltda,luiz.hillebrande1505@gmail.com
teste ltda,luiz.hillebrande1505@gmail.com
teste ltda,luiz.hillebrande1505@gmail.com
teste ltda,luiz.hillebrande1505@gmail.com
teste ltda,luiz.hillebrande1505@gmail.com
teste ltda,luiz.hillebrande1505@gmail.com
teste ltda,luiz.hillebrande1505@gmail.com
teste ltda,luiz.hillebrande1505@gmail.com
teste ltda,luiz.hillebrande1505@gmail.com
teste ltda,luiz.hillebrande1505@gmail.com
teste ltda,luiz.hillebrande1505@gmail.com
teste ltda,luiz.hillebrande1505@gmail.com
teste ltda,luiz.hillebrande1505@gmail.com
teste ltda,luiz.hillebrande1505@gmail.com
teste ltda,luiz.hillebrande1505@gmail.com
teste ltda,luiz.hillebrande1505@gmail.com
teste ltda,luiz.hillebrande1505@gmail.com
teste ltda,luiz.hillebrande1505@gmail.com
teste ltda,luiz.hillebrande1505@gmail.com
teste ltda,luiz.hillebrande1505@gmail.com
teste ltda,luiz.hillebrande1505@gmail.com
teste ltda,luiz.hillebrande1505@gmail.com
teste ltda,luiz.hillebrande1505@gmail.com
teste ltda,luiz.hillebrande1505@gmail.com
teste ltda,luiz.hillebrande1505@gmail.com
teste ltda,luiz.hillebrande1505@gmail.com
teste ltda,luiz.hillebrande1505@gmail.com
teste ltda,luiz.hillebrande1505@gmail.com
teste ltda,luiz.hillebrande1505@gmail.com
teste ltda,luiz.hillebrande1505@gmail.com
teste ltda,luiz.hillebrande1505@gmail.com
teste ltda,luiz.hillebrande1505@gmail.com
teste ltda,luiz.hillebrande1505@gmail.com
teste ltda,luiz.hillebrande1505@gmail.com
teste ltda,luiz.hillebrande1505@gmail.com
teste ltda,luiz.hillebrande1505@gmail.com
teste ltda,luiz.hillebrande1505@gmail.com
teste ltda,luiz.hillebrande1505@gmail.com
teste ltda,luiz.hillebrande1505@gmail.com
teste ltda,luiz.hillebrande1505@gmail.com
teste ltda,luiz.hillebrande1505@gmail.com
teste ltda,luiz.hillebrande1505@gmail.com
teste ltda,luiz.hillebrande1505@gmail.com
teste ltda,luiz.hillebrande1505@gmail.com
teste ltda,luiz.hillebrande1505@gmail.com
teste ltda,luiz.hillebrande1505@gmail.com
teste ltda,luiz.hillebrande1505@gmail.com
teste ltda,luiz.hillebrande1505@gmail.com
teste ltda,luiz.hillebrande1505@gmail.com
teste ltda,luiz.hillebrande1505@gmail.com
teste ltda,luiz.hillebrande1505@gmail.com
teste ltda,luiz.hillebrande1505@gmail.com
teste ltda,luiz.hillebrande1505@gmail.com
teste ltda,luiz.hillebrande1505@gmail.com
teste ltda,luiz.hillebrande1505@gmail.com
teste ltda,luiz.hillebrande1505@gmail.com
teste ltda,luiz.hillebrande1505@gmail.com
teste ltda,luiz.hillebrande1505@gmail.com
teste ltda,luiz.hillebrande1505@gmail.com
teste ltda,luiz.hillebrande1505@gmail.com
teste ltda,luiz.hillebrande1505@gmail.com
teste ltda,luiz.hillebrande1505@gmail.com
teste ltda,luiz.hillebrande1505@gmail.com
teste ltda,luiz.hillebrande1505@gmail.com
teste ltda,luiz.hillebrande1505@gmail.com
teste ltda,luiz.hillebrande1505@gmail.com
teste ltda,luiz.hillebrande1505@gmail.com
teste ltda,luiz.hillebrande1505@gmail.com
teste ltda,luiz.hillebrande1505@gmail.com
teste ltda,luiz.hillebrande1505@gmail.com
teste ltda,luiz.hillebrande1505@gmail.com
teste ltda,luiz.hillebrande1505@gmail.com
teste ltda,luiz.hillebrande1505@gmail.com
teste ltda,luiz.hillebrande1505@gmail.com
teste ltda,luiz.hillebrande1505@gmail.com
teste ltda,luiz.hillebrande1505@gmail.com
teste ltda,luiz.hillebrande1505@gmail.com
teste ltda,luiz.hillebrande1505@gmail.com
teste ltda,luiz.hillebrande1505@gmail.com
teste ltda,luiz.hillebrande1505@gmail.com
teste ltda,luiz.hillebrande1505@gmail.com
teste ltda,luiz.hillebrande1505@gmail.com
teste ltda,luiz.hillebrande1505@gmail.com
teste ltda,luiz.hillebrande1505@gmail.com
teste ltda,luiz.hillebrande1505@gmail.com
teste ltda,luiz.hillebrande1505@gmail.com
teste ltda,luiz.hillebrande1505@gmail.com
teste ltda,luiz.hillebrande1505@gmail.com
teste ltda,luiz.hillebrande1505@gmail.com
teste ltda,luiz.hillebrande1505@gmail.com
teste ltda,luiz.hillebrande1505@gmail.com
teste ltda,luiz.hillebrande1505@gmail.com
teste ltda,luiz.hillebrande1505@gmail.com
teste ltda,luiz.hillebrande1505@gmail.com
teste ltda,luiz.hillebrande1505@gmail.com
teste ltda,luiz.hillebrande1505@gmail.com
teste ltda,luiz.hillebrande1505@gmail.com
teste ltda,luiz.hillebrande1505@gmail.com
teste ltda,luiz.hillebrande1505@gmail.com
teste ltda,luiz.hillebrande1505@gmail.com
teste ltda,luiz.hillebrande1505@gmail.com
teste ltda,luiz.hillebrande1505@gmail.com
teste ltda,luiz.hillebrande1505@gmail.com
teste ltda,luiz.hillebrande1505@gmail.com
teste ltda,luiz.hillebrande1505@gmail.com
teste ltda,luiz.hillebrande1505@gmail.com
teste ltda,luiz.hillebrande1505@gmail.com
teste ltda,luiz.hillebrande1505@gmail.com
teste ltda,luiz.hillebrande1505@gmail.com
teste ltda,luiz.hillebrande1505@gmail.com
teste ltda,luiz.hillebrande1505@gmail.com
teste ltda,luiz.hillebrande1505@gmail.com
teste ltda,luiz.hillebrande1505@gmail.com
teste ltda,luiz.hillebrande1505@gmail.com
teste ltda,luiz.hillebrande1505@gmail.com
teste ltda,luiz.hillebrande1505@gmail.com
teste ltda,luiz.hillebrande1505@gmail.com
teste ltda,luiz.hillebrande1505@gmail.com
teste ltda,luiz.hillebrande1505@gmail.com
teste ltda,luiz.hillebrande1505@gmail.com
teste ltda,luiz.hillebrande1505@gmail.com
teste ltda,luiz.hillebrande1505@gmail.com
teste ltda,luiz.hillebrande1505@gmail.com
teste ltda,luiz.hillebrande1505@gmail.com
teste ltda,luiz.hillebrande1505@gmail.com
teste ltda,luiz.hillebrande1505@gmail.com
teste ltda,luiz.hillebrande1505@gmail.com
teste ltda,luiz.hillebrande1505@gmail.com
teste ltda,luiz.hillebrande1505@gmail.com
teste ltda,luiz.hillebrande1505@gmail.com
teste ltda,luiz.hillebrande1505@gmail.com
teste ltda,luiz.hillebrande1505@gmail.com
teste ltda,luiz.hillebrande1505@gmail.com
teste ltda,luiz.hillebrande1505@gmail.com
teste ltda,luiz.hillebrande1505@gmail.com
teste ltda,luiz.hillebrande1505@gmail.com
teste ltda,luiz.hillebrande1505@gmail.com
teste ltda,luiz.hillebrande1505@gmail.com
teste ltda,luiz.hillebrande1505@gmail.com
teste ltda,luiz.hillebrande1505@gmail.com
teste ltda,luiz.hillebrande1505@gmail.com
teste ltda,luiz.hillebrande1505@gmail.com
teste ltda,luiz.hillebrande1505@gmail.com
teste ltda,luiz.hillebrande1505@gmail.com
teste ltda,luiz.hillebrande1505@gmail.com
teste ltda,luiz.hillebrande1505@gmail.com
teste ltda,luiz.hillebrande1505@gmail.com
teste ltda,luiz.hillebrande1505@gmail.com
teste ltda,luiz.hillebrande1505@gmail.com
teste ltda,luiz.hillebrande1505@gmail.com
teste ltda,luiz.hillebrande1505@gmail.com
teste ltda,luiz.hillebrande1505@gmail.com
teste ltda,luiz.hillebrande1505@gmail.com
teste ltda,luiz.hillebrande1505@gmail.com
teste ltda,luiz.hillebrande1505@gmail.com
teste ltda,luiz.hillebrande1505@gmail.com
teste ltda,luiz.hillebrande1505@gmail.com
teste ltda,luiz.hillebrande1505@gmail.com
teste ltda,luiz.hillebrande1505@gmail.com
teste ltda,luiz.hillebrande1505@gmail.com
teste ltda,luiz.hillebrande1505@gmail.com
teste ltda,luiz.hillebrande1505@gmail.com
teste ltda,luiz.hillebrande1505@gmail.com
teste ltda,luiz.hillebrande1505@gmail.com
teste ltda,luiz.hillebrande1505@gmail.com
teste ltda,luiz.hillebrande1505@gmail.com
teste ltda,luiz.hillebrande1505@gmail.com
teste ltda,luiz.hillebrande1505@gmail.com
teste ltda,luiz.hillebrande1505@gmail.com
teste ltda,luiz.hillebrande1505@gmail.com
teste ltda,luiz.hillebrande1505@gmail.com
teste ltda,luiz.hillebrande1505@gmail.com
teste ltda,luiz.hillebrande1505@gmail.com
teste ltda,luiz.hillebrande1505@gmail.com
teste ltda,luiz.hillebrande1505@gmail.com
teste ltda,luiz.hillebrande1505@gmail.com
teste ltda,luiz.hillebrande1505@gmail.com
teste ltda,luiz.hillebrande1505@gmail.com
teste ltda,luiz.hillebrande1505@gmail.com
teste ltda,luiz.hillebrande1505@gmail.com
teste ltda,luiz.hillebrande1505@gmail.com
teste ltda,luiz.hillebrande1505@gmail.com
teste ltda,luiz.hillebrande1505@gmail.com
teste ltda,luiz.hillebrande1505@gmail.com
teste ltda,luiz.hillebrande1505@gmail.com
teste ltda,luiz.hillebrande1505@gmail.com
teste ltda,luiz.hillebrande1505@gmail.com
teste ltda,luiz.hillebrande1505@gmail.com
teste ltda,luiz.hillebrande1505@gmail.com
teste ltda,luiz.hillebrande1505@gmail.com
teste ltda,luiz.hillebrande1505@gmail.com
teste ltda,luiz.hillebrande1505@gmail.com
teste ltda,luiz.hillebrande1505@gmail.com
teste ltda,luiz.hillebrande1505@gmail.com
teste ltda,luiz.hillebrande1505@gmail.com
teste ltda,luiz.hillebrande1505@gmail.com
teste ltda,luiz.hillebrande1505@gmail.com
teste ltda,luiz.hillebrande1505@gmail.com
teste ltda,luiz.hillebrande1505@gmail.com
teste ltda,luiz.hillebrande1505@gmail.com
teste ltda,luiz.hillebrande1505@gmail.com
teste ltda,luiz.hillebrande1505@gmail.com
teste ltda,luiz.hillebrande1505@gmail.com
teste ltda,luiz.hillebrande1505@gmail.com
teste ltda,luiz.hillebrande1505@gmail.com
teste ltda,luiz.hillebrande1505@gmail.com
teste ltda,luiz.hillebrande1505@gmail.com
teste ltda,luiz.hillebrande1505@gmail.com
teste ltda,luiz.hillebrande1505@gmail.com
teste ltda,luiz.hillebrande1505@gmail.com
teste ltda,luiz.hillebrande1505@gmail.com
teste ltda,luiz.hillebrande1505@gmail.com
teste ltda,luiz.hillebrande1505@gmail.com
teste ltda,luiz.hillebrande1505@gmail.com
teste ltda,luiz.hillebrande1505@gmail.com
teste ltda,luiz.hillebrande1505@gmail.com
teste ltda,luiz.hillebrande1505@gmail.com
teste ltda,luiz.hillebrande1505@gmail.com
teste ltda,luiz.hillebrande1505@gmail.com
teste ltda,luiz.hillebrande1505@gmail.com
teste ltda,luiz.hillebrande1505@gmail.com
teste ltda,luiz.hillebrande1505@gmail.com
teste ltda,luiz.hillebrande1505@gmail.com
teste ltda,luiz.hillebrande1505@gmail.com
teste ltda,luiz.hillebrande1505@gmail.com
teste ltda,luiz.hillebrande1505@gmail.com
teste ltda,luiz.hillebrande1505@gmail.com
teste ltda,luiz.hillebrande1505@gmail.com
teste ltda,luiz.hillebrande1505@gmail.com
teste ltda,luiz.hillebrande1505@gmail.com
teste ltda,luiz.hillebrande1505@gmail.com
teste ltda,luiz.hillebrande1505@gmail.com
teste ltda,luiz.hillebrande1505@gmail.com
teste ltda,luiz.hillebrande1505@gmail.com
teste ltda,luiz.hillebrande1505@gmail.com
teste ltda,luiz.hillebrande1505@gmail.com
teste ltda,luiz.hillebrande1505@gmail.com
teste ltda,luiz.hillebrande1505@gmail.com
teste ltda,luiz.hillebrande1505@gmail.com
teste ltda,luiz.hillebrande1505@gmail.com
teste ltda,luiz.hillebrande1505@gmail.com
teste ltda,luiz.hillebrande1505@gmail.com
teste ltda,luiz.hillebrande1505@gmail.com
teste ltda,luiz.hillebrande1505@gmail.com
teste ltda,luiz.hillebrande1505@gmail.com
teste ltda,luiz.hillebrande1505@gmail.com
teste ltda,luiz.hillebrande1505@gmail.com
teste ltda,luiz.hillebrande1505@gmail.com
teste ltda,luiz.hillebrande1505@gmail.com
teste ltda,luiz.hillebrande1505@gmail.com
teste ltda,luiz.hillebrande1505@gmail.com
teste ltda,luiz.hillebrande1505@gmail.com
teste ltda,luiz.hillebrande1505@gmail.com
teste ltda,luiz.hillebrande1505@gmail.com
teste ltda,luiz.hillebrande1505@gmail.com
teste ltda,luiz.hillebrande1505@gmail.com
teste ltda,luiz.hillebrande1505@gmail.com
teste ltda,luiz.hillebrande1505@gmail.com
teste ltda,luiz.hillebrande1505@gmail.com
teste ltda,luiz.hillebrande1505@gmail.com
teste ltda,luiz.hillebrande1505@gmail.com
teste ltda,luiz.hillebrande1505@gmail.com
teste ltda,luiz.hillebrande1505@gmail.com
teste ltda,luiz.hillebrande1505@gmail.com
teste ltda,luiz.hillebrande1505@gmail.com
teste ltda,luiz.hillebrande1505@gmail.com
teste ltda,luiz.hillebrande1505@gmail.com
teste ltda,luiz.hillebrande1505@gmail.com
teste ltda,luiz.hillebrande1505@gmail.com
teste ltda,luiz.hillebrande1505@gmail.com
teste ltda,luiz.hillebrande1505@gmail.com
teste ltda,luiz.hillebrande1505@gmail.com
teste ltda,luiz.hillebrande1505@gmail.com
teste ltda,luiz.hillebrande1505@gmail.com
teste ltda,luiz.hillebrande1505@gmail.com
teste ltda,luiz.hillebrande1505@gmail.com
teste ltda,luiz.hillebrande1505@gmail.com
teste ltda,luiz.hillebrande1505@gmail.com
teste ltda,luiz.hillebrande1505@gmail.com
teste ltda,luiz.hillebrande1505@gmail.com
teste ltda,luiz.hillebrande1505@gmail.com
teste ltda,luiz.hillebrande1505@gmail.com
teste ltda,luiz.hillebrande1505@gmail.com
teste ltda,luiz.hillebrande1505@gmail.com
teste ltda,luiz.hillebrande1505@gmail.com
teste ltda,luiz.hillebrande1505@gmail.com
teste ltda,luiz.hillebrande1505@gmail.com
teste ltda,luiz.hillebrande1505@gmail.com
teste ltda,luiz.hillebrande1505@gmail.com
teste ltda,luiz.hillebrande1505@gmail.com
teste ltda,luiz.hillebrande1505@gmail.com
teste ltda,luiz.hillebrande1505@gmail.com
teste ltda,luiz.hillebrande1505@gmail.com
teste ltda,luiz.hillebrande1505@gmail.com
teste ltda,luiz.hillebrande1505@gmail.com
teste ltda,luiz.hillebrande1505@gmail.com
teste ltda,luiz.hillebrande1505@gmail.com
teste ltda,luiz.hillebrande1505@gmail.com
teste ltda,luiz.hillebrande1505@gmail.com
teste ltda,luiz.hillebrande1505@gmail.com
teste ltda,luiz.hillebrande1505@gmail.com
teste ltda,luiz.hillebrande1505@gmail.com
teste ltda,luiz.hillebrande1505@gmail.com
teste ltda,luiz.hillebrande1505@gmail.com
teste ltda,luiz.hillebrande1505@gmail.com
teste ltda,luiz.hillebrande1505@gmail.com
teste ltda,luiz.hillebrande1505@gmail.com
teste ltda,luiz.hillebrande1505@gmail.com
teste ltda,luiz.hillebrande1505@gmail.com
teste ltda,luiz.hillebrande1505@gmail.com
teste ltda,luiz.hillebrande1505@gmail.com
teste ltda,luiz.hillebrande1505@gmail.com
teste ltda,luiz.hillebrande1505@gmail.com
teste ltda,luiz.hillebrande1505@gmail.com
teste ltda,luiz.hillebrande1505@gmail.com
teste ltda,luiz.hillebrande1505@gmail.com
teste ltda,luiz.hillebrande1505@gmail.com
teste ltda,luiz.hillebrande1505@gmail.com
teste ltda,luiz.hillebrande1505@gmail.com
teste ltda,luiz.hillebrande1505@gmail.com
teste ltda,luiz.hillebrande1505@gmail.com
teste ltda,luiz.hillebrande1505@gmail.com
teste ltda,luiz.hillebrande1505@gmail.com
teste ltda,luiz.hillebrande1505@gmail.com
teste ltda,luiz.hillebrande1505@gmail.com
teste ltda,luiz.hillebrande1505@gmail.com
teste ltda,luiz.hillebrande1505@gmail.com
teste ltda,luiz.hillebrande1505@gmail.com
teste ltda,luiz.hillebrande1505@gmail.com
teste ltda,luiz.hillebrande1505@gmail.com
teste ltda,luiz.hillebrande1505@gmail.com
teste ltda,luiz.hillebrande1505@gmail.com
teste ltda,luiz.hillebrande1505@gmail.com
teste ltda,luiz.hillebrande1505@gmail.com
teste ltda,luiz.hillebrande1505@gmail.com
teste ltda,luiz.hillebrande1505@gmail.com
teste ltda,luiz.hillebrande1505@gmail.com
teste ltda,luiz.hillebrande1505@gmail.com
teste ltda,luiz.hillebrande1505@gmail.com
teste ltda,luiz.hillebrande1505@gmail.com
teste ltda,luiz.hillebrande1505@gmail.com
teste ltda,luiz.hillebrande1505@gmail.com
teste ltda,luiz.hillebrande1505@gmail.com
teste ltda,luiz.hillebrande1505@gmail.com
teste ltda,luiz.hillebrande1505@gmail.com
teste ltda,luiz.hillebrande1505@gmail.com
teste ltda,luiz.hillebrande1505@gmail.com
teste ltda,luiz.hillebrande1505@gmail.com
teste ltda,luiz.hillebrande1505@gmail.com
teste ltda,luiz.hillebrande1505@gmail.com
teste ltda,luiz.hillebrande1505@gmail.com
teste ltda,luiz.hillebrande1505@gmail.com
teste ltda,luiz.hillebrande1505@gmail.com
teste ltda,luiz.hillebrande1505@gmail.com
teste ltda,luiz.hillebrande1505@gmail.com
teste ltda,luiz.hillebrande1505@gmail.com
teste ltda,luiz.hillebrande1505@gmail.com
teste ltda,luiz.hillebrande1505@gmail.com
teste ltda,luiz.hillebrande1505@gmail.com
teste ltda,luiz.hillebrande1505@gmail.com
teste ltda,luiz.hillebrande1505@gmail.com
teste ltda,luiz.hillebrande1505@gmail.com
teste ltda,luiz.hillebrande1505@gmail.com
teste ltda,luiz.hillebrande1505@gmail.com
teste ltda,luiz.hillebrande1505@gmail.com
teste ltda,luiz.hillebrande1505@gmail.com
teste ltda,luiz.hillebrande1505@gmail.com
teste ltda,luiz.hillebrande1505@gmail.com
teste ltda,luiz.hillebrande1505@gmail.com
teste ltda,luiz.hillebrande1505@gmail.com
teste ltda,luiz.hillebrande1505@gmail.com
teste ltda,luiz.hillebrande1505@gmail.com
teste ltda,luiz.hillebrande1505@gmail.com
teste ltda,luiz.hillebrande1505@gmail.com
teste ltda,luiz.hillebrande1505@gmail.com
teste ltda,luiz.hillebrande1505@gmail.com
teste ltda,luiz.hillebrande1505@gmail.com
teste ltda,luiz.hillebrande1505@gmail.com
teste ltda,luiz.hillebrande1505@gmail.com
teste ltda,luiz.hillebrande1505@gmail.com
teste ltda,luiz.hillebrande1505@gmail.com
teste ltda,luiz.hillebrande1505@gmail.com
teste ltda,luiz.hillebrande1505@gmail.com
teste ltda,luiz.hillebrande1505@gmail.com
teste ltda,luiz.hillebrande1505@gmail.com
teste ltda,luiz.hillebrande1505@gmail.com
teste ltda,luiz.hillebrande1505@gmail.com
teste ltda,luiz.hillebrande1505@gmail.com
teste ltda,luiz.hillebrande1505@gmail.com
teste ltda,luiz.hillebrande1505@gmail.com
teste ltda,luiz.hillebrande1505@gmail.com
teste ltda,luiz.hillebrande1505@gmail.com
teste ltda,luiz.hillebrande1505@gmail.com
teste ltda,luiz.hillebrande1505@gmail.com
teste ltda,luiz.hillebrande1505@gmail.com
teste ltda,luiz.hillebrande1505@gmail.com
teste ltda,luiz.hillebrande1505@gmail.com
teste ltda,luiz.hillebrande1505@gmail.com
teste ltda,luiz.hillebrande1505@gmail.com
teste ltda,luiz.hillebrande1505@gmail.com
teste ltda,luiz.hillebrande1505@gmail.com
teste ltda,luiz.hillebrande1505@gmail.com
teste ltda,luiz.hillebrande1505@gmail.com
teste ltda,luiz.hillebrande1505@gmail.com
teste ltda,luiz.hillebrande1505@gmail.com
teste ltda,luiz.hillebrande1505@gmail.com
teste ltda,luiz.hillebrande1505@gmail.com
teste ltda,luiz.hillebrande1505@gmail.com
teste ltda,luiz.hillebrande1505@gmail.com
teste ltda,luiz.hillebrande1505@gmail.com
teste ltda,luiz.hillebrande1505@gmail.com
teste ltda,luiz.hillebrande1505@gmail.com
teste ltda,luiz.hillebrande1505@gmail.com
teste ltda,luiz.hillebrande1505@gmail.com
teste ltda,luiz.hillebrande1505@gmail.com
teste ltda,luiz.hillebrande1505@gmail.com
teste ltda,luiz.hillebrande1505@gmail.com
teste ltda,luiz.hillebrande1505@gmail.com
teste ltda,luiz.hillebrande1505@gmail.com
teste ltda,luiz.hillebrande1505@gmail.com
teste ltda,luiz.hillebrande1505@gmail.com
teste ltda,luiz.hillebrande1505@gmail.com
teste ltda,luiz.hillebrande1505@gmail.com
teste ltda,luiz.hillebrande1505@gmail.com
teste ltda,luiz.hillebrande1505@gmail.com
teste ltda,luiz.hillebrande1505@gmail.com
teste ltda,luiz.hillebrande1505@gmail.com
teste ltda,luiz.hillebrande1505@gmail.com
teste ltda,luiz.hillebrande1505@gmail.com
teste ltda,luiz.hillebrande1505@gmail.com
teste ltda,luiz.hillebrande1505@gmail.com
teste ltda,luiz.hillebrande1505@gmail.com
teste ltda,luiz.hillebrande1505@gmail.com
teste ltda,luiz.hillebrande1505@gmail.com
teste ltda,luiz.hillebrande1505@gmail.com
teste ltda,luiz.hillebrande1505@gmail.com
teste ltda,luiz.hillebrande1505@gmail.com
teste ltda,luiz.hillebrande1505@gmail.com
teste ltda,luiz.hillebrande1505@gmail.com
teste ltda,luiz.hillebrande1505@gmail.com
teste ltda,luiz.hillebrande1505@gmail.com
teste ltda,luiz.hillebrande1505@gmail.com
teste ltda,luiz.hillebrande1505@gmail.com
teste ltda,luiz.hillebrande1505@gmail.com
teste ltda,luiz.hillebrande1505@gmail.com
teste ltda,luiz.hillebrande1505@gmail.com
teste ltda,luiz.hillebrande1505@gmail.com
teste ltda,luiz.hillebrande1505@gmail.com
teste ltda,luiz.hillebrande1505@gmail.com
teste ltda,luiz.hillebrande1505@gmail.com
teste ltda,luiz.hillebrande1505@gmail.com
teste ltda,luiz.hillebrande1505@gmail.com
teste ltda,luiz.hillebrande1505@gmail.com
teste ltda,luiz.hillebrande1505@gmail.com
teste ltda,luiz.hillebrande1505@gmail.com
teste ltda,luiz.hillebrande1505@gmail.com
teste ltda,luiz.hillebrande1505@gmail.com
teste ltda,luiz.hillebrande1505@gmail.com
teste ltda,luiz.hillebrande1505@gmail.com
teste ltda,luiz.hillebrande1505@gmail.com
teste ltda,luiz.hillebrande1505@gmail.com
teste ltda,luiz.hillebrande1505@gmail.com
teste ltda,luiz.hillebrande1505@gmail.com
teste ltda,luiz.hillebrande1505@gmail.com
teste ltda,luiz.hillebrande1505@gmail.com
teste ltda,luiz.hillebrande1505@gmail.com
teste ltda,luiz.hillebrande1505@gmail.com
teste ltda,luiz.hillebrande1505@gmail.com
teste ltda,luiz.hillebrande1505@gmail.com
teste ltda,luiz.hillebrande1505@gmail.com
teste ltda,luiz.hillebrande1505@gmail.com
teste ltda,luiz.hillebrande1505@gmail.com
teste ltda,luiz.hillebrande1505@gmail.com
teste ltda,luiz.hillebrande1505@gmail.com
teste ltda,luiz.hillebrande1505@gmail.com
teste ltda,luiz.hillebrande1505@gmail.com
teste ltda,luiz.hillebrande1505@gmail.com
teste ltda,luiz.hillebrande1505@gmail.com
teste ltda,luiz.hillebrande1505@gmail.com
teste ltda,luiz.hillebrande1505@gmail.com
teste ltda,luiz.hillebrande1505@gmail.com
teste ltda,luiz.hillebrande1505@gmail.com
teste ltda,luiz.hillebrande1505@gmail.com
teste ltda,luiz.hillebrande1505@gmail.com
teste ltda,luiz.hillebrande1505@gmail.com
teste ltda,luiz.hillebrande1505@gmail.com
teste ltda,luiz.hillebrande1505@gmail.com
teste ltda,luiz.hillebrande1505@gmail.com
teste ltda,luiz.hillebrande1505@gmail.com
teste ltda,luiz.hillebrande1505@gmail.com
teste ltda,luiz.hillebrande1505@gmail.com
teste ltda,luiz.hillebrande1505@gmail.com
teste ltda,luiz.hillebrande1505@gmail.com
teste ltda,luiz.hillebrande1505@gmail.com
teste ltda,luiz.hillebrande1505@gmail.com
teste ltda,luiz.hillebrande1505@gmail.com
teste ltda,luiz.hillebrande1505@gmail.com
teste ltda,luiz.hillebrande1505@gmail.com
teste ltda,luiz.hillebrande1505@gmail.com
teste ltda,luiz.hillebrande1505@gmail.com
teste ltda,luiz.hillebrande1505@gmail.com
teste ltda,luiz.hillebrande1505@gmail.com
teste ltda,luiz.hillebrande1505@gmail.com
teste ltda,luiz.hillebrande1505@gmail.com
teste ltda,luiz.hillebrande1505@gmail.com
teste ltda,luiz.hillebrande1505@gmail.com
teste ltda,luiz.hillebrande1505@gmail.com
teste ltda,luiz.hillebrande1505@gmail.com
teste ltda,luiz.hillebrande1505@gmail.com
teste ltda,luiz.hillebrande1505@gmail.com
teste ltda,luiz.hillebrande1505@gmail.com
teste ltda,luiz.hillebrande1505@gmail.com
teste ltda,luiz.hillebrande1505@gmail.com
teste ltda,luiz.hillebrande1505@gmail.com
teste ltda,luiz.hillebrande1505@gmail.com
teste ltda,luiz.hillebrande1505@gmail.com
teste ltda,luiz.hillebrande1505@gmail.com
teste ltda,luiz.hillebrande1505@gmail.com
teste ltda,luiz.hillebrande1505@gmail.com
teste ltda,luiz.hillebrande1505@gmail.com
teste ltda,luiz.hillebrande1505@gmail.com
teste ltda,luiz.hillebrande1505@gmail.com
teste ltda,luiz.hillebrande1505@gmail.com
teste ltda,luiz.hillebrande1505@gmail.com
teste ltda,luiz.hillebrande1505@gmail.com
teste ltda,luiz.hillebrande1505@gmail.com
teste ltda,luiz.hillebrande1505@gmail.com
teste ltda,luiz.hillebrande1505@gmail.com
teste ltda,luiz.hillebrande1505@gmail.com
teste ltda,luiz.hillebrande1505@gmail.com
teste ltda,luiz.hillebrande1505@gmail.com
teste ltda,luiz.hillebrande1505@gmail.com
teste ltda,luiz.hillebrande1505@gmail.com
teste ltda,luiz.hillebrande1505@gmail.com
teste ltda,luiz.hillebrande1505@gmail.com
teste ltda,luiz.hillebrande1505@gmail.com
teste ltda,luiz.hillebrande1505@gmail.com
teste ltda,luiz.hillebrande1505@gmail.com
teste ltda,luiz.hillebrande1505@gmail.com
teste ltda,luiz.hillebrande1505@gmail.com
teste ltda,luiz.hillebrande1505@gmail.com
teste ltda,luiz.hillebrande1505@gmail.com
teste ltda,luiz.hillebrande1505@gmail.com
teste ltda,luiz.hillebrande1505@gmail.com
teste ltda,luiz.hillebrande1505@gmail.com
teste ltda,luiz.hillebrande1505@gmail.com
teste ltda,luiz.hillebrande1505@gmail.com
teste ltda,luiz.hillebrande1505@gmail.com
teste ltda,luiz.hillebrande1505@gmail.com
teste ltda,luiz.hillebrande1505@gmail.com
teste ltda,luiz.hillebrande1505@gmail.com
teste ltda,luiz.hillebrande1505@gmail.com
teste ltda,luiz.hillebrande1505@gmail.com
teste ltda,luiz.hillebrande1505@gmail.com
teste ltda,luiz.hillebrande1505@gmail.com
teste ltda,luiz.hillebrande1505@gmail.com
teste ltda,luiz.hillebrande1505@gmail.com
teste ltda,luiz.hillebrande1505@gmail.com
teste ltda,luiz.hillebrande1505@gmail.com
teste ltda,luiz.hillebrande1505@gmail.com
teste ltda,luiz.hillebrande1505@gmail.com
teste ltda,luiz.hillebrande1505@gmail.com
teste ltda,luiz.hillebrande1505@gmail.com
teste ltda,luiz.hillebrande1505@gmail.com
teste ltda,luiz.hillebrande1505@gmail.com
teste ltda,luiz.hillebrande1505@gmail.com
teste ltda,luiz.hillebrande1505@gmail.com
teste ltda,luiz.hillebrande1505@gmail.com
teste ltda,luiz.hillebrande1505@gmail.com
teste ltda,luiz.hillebrande1505@gmail.com
teste ltda,luiz.hillebrande1505@gmail.com
teste ltda,luiz.hillebrande1505@gmail.com
teste ltda,luiz.hillebrande1505@gmail.com
teste ltda,luiz.hillebrande1505@gmail.com
teste ltda,luiz.hillebrande1505@gmail.com
teste ltda,luiz.hillebrande1505@gmail.com
teste ltda,luiz.hillebrande1505@gmail.com
teste ltda,luiz.hillebrande1505@gmail.com
teste ltda,luiz.hillebrande1505@gmail.com
teste ltda,luiz.hillebrande1505@gmail.com
teste ltda,luiz.hillebrande1505@gmail.com
teste ltda,luiz.hillebrande1505@gmail.com
teste ltda,luiz.hillebrande1505@gmail.com
teste ltda,luiz.hillebrande1505@gmail.com
teste ltda,luiz.hillebrande1505@gmail.com
teste ltda,luiz.hillebrande1505@gmail.com
teste ltda,luiz.hillebrande1505@gmail.com
teste ltda,luiz.hillebrande1505@gmail.com
teste ltda,luiz.hillebrande1505@gmail.com
teste ltda,luiz.hillebrande1505@gmail.com
teste ltda,luiz.hillebrande1505@gmail.com
teste ltda,luiz.hillebrande1505@gmail.com
teste ltda,luiz.hillebrande1505@gmail.com
teste ltda,luiz.hillebrande1505@gmail.com
teste ltda,luiz.hillebrande1505@gmail.com
teste ltda,luiz.hillebrande1505@gmail.com
teste ltda,luiz.hillebrande1505@gmail.com
teste ltda,luiz.hillebrande1505@gmail.com
teste ltda,luiz.hillebrande1505@gmail.com
teste ltda,luiz.hillebrande1505@gmail.com
teste ltda,luiz.hillebrande1505@gmail.com
teste ltda,luiz.hillebrande1505@gmail.com
teste ltda,luiz.hillebrande1505@gmail.com
teste ltda,luiz.hillebrande1505@gmail.com
teste ltda,luiz.hillebrande1505@gmail.com
teste ltda,luiz.hillebrande1505@gmail.com
teste ltda,luiz.hillebrande1505@gmail.com
teste ltda,luiz.hillebrande1505@gmail.com
teste ltda,luiz.hillebrande1505@gmail.com
teste ltda,luiz.hillebrande1505@gmail.com
teste ltda,luiz.hillebrande1505@gmail.com
teste ltda,luiz.hillebrande1505@gmail.com
teste ltda,luiz.hillebrande1505@gmail.com
teste ltda,luiz.hillebrande1505@gmail.com
teste ltda,luiz.hillebrande1505@gmail.com
teste ltda,luiz.hillebrande1505@gmail.com
teste ltda,luiz.hillebrande1505@gmail.com
teste ltda,luiz.hillebrande1505@gmail.com
teste ltda,luiz.hillebrande1505@gmail.com
teste ltda,luiz.hillebrande1505@gmail.com
teste ltda,luiz.hillebrande1505@gmail.com
teste ltda,luiz.hillebrande1505@gmail.com
teste ltda,luiz.hillebrande1505@gmail.com
teste ltda,luiz.hillebrande1505@gmail.com
teste ltda,luiz.hillebrande1505@gmail.com
teste ltda,luiz.hillebrande1505@gmail.com
teste ltda,luiz.hillebrande1505@gmail.com
teste ltda,luiz.hillebrande1505@gmail.com
teste ltda,luiz.hillebrande1505@gmail.com
teste ltda,luiz.hillebrande1505@gmail.com
teste ltda,luiz.hillebrande1505@gmail.com
teste ltda,luiz.hillebrande1505@gmail.com
teste ltda,luiz.hillebrande1505@gmail.com
teste ltda,luiz.hillebrande1505@gmail.com
teste ltda,luiz.hillebrande1505@gmail.com
teste ltda,luiz.hillebrande1505@gmail.com
teste ltda,luiz.hillebrande1505@gmail.com
teste ltda,luiz.hillebrande1505@gmail.com
teste ltda,luiz.hillebrande1505@gmail.com
teste ltda,luiz.hillebrande1505@gmail.com
teste ltda,luiz.hillebrande1505@gmail.com
teste ltda,luiz.hillebrande1505@gmail.com
teste ltda,luiz.hillebrande1505@gmail.com
teste ltda,luiz.hillebrande1505@gmail.com
teste ltda,luiz.hillebrande1505@gmail.com
teste ltda,luiz.hillebrande1505@gmail.com
teste ltda,luiz.hillebrande1505@gmail.com
teste ltda,luiz.hillebrande1505@gmail.com
teste ltda,luiz.hillebrande1505@gmail.com
teste ltda,luiz.hillebrande1505@gmail.com
teste ltda,luiz.hillebrande1505@gmail.com
teste ltda,luiz.hillebrande1505@gmail.com
teste ltda,luiz.hillebrande1505@gmail.com
teste ltda,luiz.hillebrande1505@gmail.com
teste ltda,luiz.hillebrande1505@gmail.com
teste ltda,luiz.hillebrande1505@gmail.com
teste ltda,luiz.hillebrande1505@gmail.com
teste ltda,luiz.hillebrande1505@gmail.com
teste ltda,luiz.hillebrande1505@gmail.com
teste ltda,luiz.hillebrande1505@gmail.com
teste ltda,luiz.hillebrande1505@gmail.com
teste ltda,luiz.hillebrande1505@gmail.com
teste ltda,luiz.hillebrande1505@gmail.com
teste ltda,luiz.hillebrande1505@gmail.com
teste ltda,luiz.hillebrande1505@gmail.com
teste ltda,luiz.hillebrande1505@gmail.com
teste ltda,luiz.hillebrande1505@gmail.com
teste ltda,luiz.hillebrande1505@gmail.com
teste ltda,luiz.hillebrande1505@gmail.com
teste ltda,luiz.hillebrande1505@gmail.com
teste ltda,luiz.hillebrande1505@gmail.com
teste ltda,luiz.hillebrande1505@gmail.com
teste ltda,luiz.hillebrande1505@gmail.com
teste ltda,luiz.hillebrande1505@gmail.com
teste ltda,luiz.hillebrande1505@gmail.com
teste ltda,luiz.hillebrande1505@gmail.com
teste ltda,luiz.hillebrande1505@gmail.com
teste ltda,luiz.hillebrande1505@gmail.com
teste ltda,luiz.hillebrande1505@gmail.com
teste ltda,luiz.hillebrande1505@gmail.com
teste ltda,luiz.hillebrande1505@gmail.com
teste ltda,luiz.hillebrande1505@gmail.com
teste ltda,luiz.hillebrande1505@gmail.com
teste ltda,luiz.hillebrande1505@gmail.com
teste ltda,luiz.hillebrande1505@gmail.com
teste ltda,luiz.hillebrande1505@gmail.com
teste ltda,luiz.hillebrande1505@gmail.com
teste ltda,luiz.hillebrande1505@gmail.com
teste ltda,luiz.hillebrande1505@gmail.com
teste ltda,luiz.hillebrande1505@gmail.com
teste ltda,luiz.hillebrande1505@gmail.com
teste ltda,luiz.hillebrande1505@gmail.com
teste ltda,luiz.hillebrande1505@gmail.com
teste ltda,luiz.hillebrande1505@gmail.com
teste ltda,luiz.hillebrande1505@gmail.com
teste ltda,luiz.hillebrande1505@gmail.com
teste ltda,luiz.hillebrande1505@gmail.com
teste ltda,luiz.hillebrande1505@gmail.com
teste ltda,luiz.hillebrande1505@gmail.com
teste ltda,luiz.hillebrande1505@gmail.com
teste ltda,luiz.hillebrande1505@gmail.com
teste ltda,luiz.hillebrande1505@gmail.com
teste ltda,luiz.hillebrande1505@gmail.com
teste ltda,luiz.hillebrande1505@gmail.com
teste ltda,luiz.hillebrande1505@gmail.com
teste ltda,luiz.hillebrande1505@gmail.com
teste ltda,luiz.hillebrande1505@gmail.com
teste ltda,luiz.hillebrande1505@gmail.com
teste ltda,luiz.hillebrande1505@gmail.com
teste ltda,luiz.hillebrande1505@gmail.com
teste ltda,luiz.hillebrande1505@gmail.com
teste ltda,luiz.hillebrande1505@gmail.com
teste ltda,luiz.hillebrande1505@gmail.com
teste ltda,luiz.hillebrande1505@gmail.com
teste ltda,luiz.hillebrande1505@gmail.com
teste ltda,luiz.hillebrande1505@gmail.com
teste ltda,luiz.hillebrande1505@gmail.com
teste ltda,luiz.hillebrande1505@gmail.com
teste ltda,luiz.hillebrande1505@gmail.com
teste ltda,luiz.hillebrande1505@gmail.com
teste ltda,luiz.hillebrande1505@gmail.com
teste ltda,luiz.hillebrande1505@gmail.com
teste ltda,luiz.hillebrande1505@gmail.com
teste ltda,luiz.hillebrande1505@gmail.com
teste ltda,luiz.hillebrande1505@gmail.com
teste ltda,luiz.hillebrande1505@gmail.com
teste ltda,luiz.hillebrande1505@gmail.com
teste ltda,luiz.hillebrande1505@gmail.com
teste ltda,luiz.hillebrande1505@gmail.com
teste ltda,luiz.hillebrande1505@gmail.com
teste ltda,luiz.hillebrande1505@gmail.com
teste ltda,luiz.hillebrande1505@gmail.com
teste ltda,luiz.hillebrande1505@gmail.com
teste ltda,luiz.hillebrande1505@gmail.com
teste ltda,luiz.hillebrande1505@gmail.com
teste ltda,luiz.hillebrande1505@gmail.com
teste ltda,luiz.hillebrande1505@gmail.com
teste ltda,luiz.hillebrande1505@gmail.com
teste ltda,luiz.hillebrande1505@gmail.com
teste ltda,luiz.hillebrande1505@gmail.com
teste ltda,luiz.hillebrande1505@gmail.com
teste ltda,luiz.hillebrande1505@gmail.com
teste ltda,luiz.hillebrande1505@gmail.com
teste ltda,luiz.hillebrande1505@gmail.com
teste ltda,luiz.hillebrande1505@gmail.com
teste ltda,luiz.hillebrande1505@gmail.com
teste ltda,luiz.hillebrande1505@gmail.com
teste ltda,luiz.hillebrande1505@gmail.com
teste ltda,luiz.hillebrande1505@gmail.com
teste ltda,luiz.hillebrande1505@gmail.com
teste ltda,luiz.hillebrande1505@gmail.com
teste ltda,luiz.hillebrande1505@gmail.com
teste ltda,luiz.hillebrande1505@gmail.com
teste ltda,luiz.hillebrande1505@gmail.com
teste ltda,luiz.hillebrande1505@gmail.com
teste ltda,luiz.hillebrande1505@gmail.com
teste ltda,luiz.hillebrande1505@gmail.com
teste ltda,luiz.hillebrande1505@gmail.com
teste ltda,luiz.hillebrande1505@gmail.com
teste ltda,luiz.hillebrande1505@gmail.com
teste ltda,luiz.hillebrande1505@gmail.com
teste ltda,luiz.hillebrande1505@gmail.com
teste ltda,luiz.hillebrande1505@gmail.com
teste ltda,luiz.hillebrande1505@gmail.com
teste ltda,luiz.hillebrande1505@gmail.com
teste ltda,luiz.hillebrande1505@gmail.com
teste ltda,luiz.hillebrande1505@gmail.com
teste ltda,luiz.hillebrande1505@gmail.com
teste ltda,luiz.hillebrande1505@gmail.com
teste ltda,luiz.hillebrande1505@gmail.com
teste ltda,luiz.hillebrande1505@gmail.com
teste ltda,luiz.hillebrande1505@gmail.com
teste ltda,luiz.hillebrande1505@gmail.com
teste ltda,luiz.hillebrande1505@gmail.com
teste ltda,luiz.hillebrande1505@gmail.com
teste ltda,luiz.hillebrande1505@gmail.com
teste ltda,luiz.hillebrande1505@gmail.com
teste ltda,luiz.hillebrande1505@gmail.com
teste ltda,luiz.hillebrande1505@gmail.com
teste ltda,luiz.hillebrande1505@gmail.com
teste ltda,luiz.hillebrande1505@gmail.com
teste ltda,luiz.hillebrande1505@gmail.com
teste ltda,luiz.hillebrande1505@gmail.com
teste ltda,luiz.hillebrande1505@gmail.com
teste ltda,luiz.hillebrande1505@gmail.com
teste ltda,luiz.hillebrande1505@gmail.com
teste ltda,luiz.hillebrande1505@gmail.com
teste ltda,luiz.hillebrande1505@gmail.com
teste ltda,luiz.hillebrande1505@gmail.com
teste ltda,luiz.hillebrande1505@gmail.com
teste ltda,luiz.hillebrande1505@gmail.com
teste ltda,luiz.hillebrande1505@gmail.com
teste ltda,luiz.hillebrande1505@gmail.com
teste ltda,luiz.hillebrande1505@gmail.com
teste ltda,luiz.hillebrande1505@gmail.com
teste ltda,luiz.hillebrande1505@gmail.com
teste ltda,luiz.hillebrande1505@gmail.com
teste ltda,luiz.hillebrande1505@gmail.com
teste ltda,luiz.hillebrande1505@gmail.com
teste ltda,luiz.hillebrande1505@gmail.com
teste ltda,luiz.hillebrande1505@gmail.com
teste ltda,luiz.hillebrande1505@gmail.com
teste ltda,luiz.hillebrande1505@gmail.com
teste ltda,luiz.hillebrande1505@gmail.com
teste ltda,luiz.hillebrande1505@gmail.com
teste ltda,luiz.hillebrande1505@gmail.com
teste ltda,luiz.hillebrande1505@gmail.com
teste ltda,luiz.hillebrande1505@gmail.com
teste ltda,luiz.hillebrande1505@gmail.com
teste ltda,luiz.hillebrande1505@gmail.com
teste ltda,luiz.hillebrande1505@gmail.com
teste ltda,luiz.hillebrande1505@gmail.com
teste ltda,luiz.hillebrande1505@gmail.com
teste ltda,luiz.hillebrande1505@gmail.com
teste ltda,luiz.hillebrande1505@gmail.com
teste ltda,luiz.hillebrande1505@gmail.com
teste ltda,luiz.hillebrande1505@gmail.com
teste ltda,luiz.hillebrande1505@gmail.com
teste ltda,luiz.hillebrande1505@gmail.com
teste ltda,luiz.hillebrande1505@gmail.com
teste ltda,luiz.hillebrande1505@gmail.com
teste ltda,luiz.hillebrande1505@gmail.com
teste ltda,luiz.hillebrande1505@gmail.com
teste ltda,luiz.hillebrande1505@gmail.com
teste ltda,luiz.hillebrande1505@gmail.com
teste ltda,luiz.hillebrande1505@gmail.com
teste ltda,luiz.hillebrande1505@gmail.com
teste ltda,luiz.hillebrande1505@gmail.com
teste ltda,luiz.hillebrande1505@gmail.com
teste ltda,luiz.hillebrande1505@gmail.com
teste ltda,luiz.hillebrande1505@gmail.com
teste ltda,luiz.hillebrande1505@gmail.com
teste ltda,luiz.hillebrande1505@gmail.com
teste ltda,luiz.hillebrande1505@gmail.com
teste ltda,luiz.hillebrande1505@gmail.com
teste ltda,luiz.hillebrande1505@gmail.com
teste ltda,luiz.hillebrande1505@gmail.com
teste ltda,luiz.hillebrande1505@gmail.com
teste ltda,luiz.hillebrande1505@gmail.com
teste ltda,luiz.hillebrande1505@gmail.com
teste ltda,luiz.hillebrande1505@gmail.com
teste ltda,luiz.hillebrande1505@gmail.com
teste ltda,luiz.hillebrande1505@gmail.com
teste ltda,luiz.hillebrande1505@gmail.com
teste ltda,luiz.hillebrande1505@gmail.com
teste ltda,luiz.hillebrande1505@gmail.com
teste ltda,luiz.hillebrande1505@gmail.com
teste ltda,luiz.hillebrande1505@gmail.com
teste ltda,luiz.hillebrande1505@gmail.com
teste ltda,luiz.hillebrande1505@gmail.com
teste ltda,luiz.hillebrande1505@gmail.com
teste ltda,luiz.hillebrande1505@gmail.com
teste ltda,luiz.hillebrande1505@gmail.com
teste ltda,luiz.hillebrande1505@gmail.com
teste ltda,luiz.hillebrande1505@gmail.com
teste ltda,luiz.hillebrande1505@gmail.com
teste ltda,luiz.hillebrande1505@gmail.com
teste ltda,luiz.hillebrande1505@gmail.com
teste ltda,luiz.hillebrande1505@gmail.com
teste ltda,luiz.hillebrande1505@gmail.com
teste ltda,luiz.hillebrande1505@gmail.com
teste ltda,luiz.hillebrande1505@gmail.com
teste ltda,luiz.hillebrande1505@gmail.com
teste ltda,luiz.hillebrande1505@gmail.com
teste ltda,luiz.hillebrande1505@gmail.com
teste ltda,luiz.hillebrande1505@gmail.com
teste ltda,luiz.hillebrande1505@gmail.com
teste ltda,luiz.hillebrande1505@gmail.com
teste ltda,luiz.hillebrande1505@gmail.com
teste ltda,luiz.hillebrande1505@gmail.com
teste ltda,luiz.hillebrande1505@gmail.com
teste ltda,luiz.hillebrande1505@gmail.com
teste ltda,luiz.hillebrande1505@gmail.com
teste ltda,luiz.hillebrande1505@gmail.com
teste ltda,luiz.hillebrande1505@gmail.com
teste ltda,luiz.hillebrande1505@gmail.com
teste ltda,luiz.hillebrande1505@gmail.com
teste ltda,luiz.hillebrande1505@gmail.com
teste ltda,luiz.hillebrande1505@gmail.com
teste ltda,luiz.hillebrande1505@gmail.com
teste ltda,luiz.hillebrande1505@gmail.com
teste ltda,luiz.hillebrande1505@gmail.com
teste ltda,luiz.hillebrande1505@gmail.com
teste ltda,luiz.hillebrande1505@gmail.com
teste ltda,luiz.hillebrande1505@gmail.com
teste ltda,luiz.hillebrande1505@gmail.com
teste ltda,luiz.hillebrande1505@gmail.com
teste ltda,luiz.hillebrande1505@gmail.com
teste ltda,luiz.hillebrande1505@gmail.com
teste ltda,luiz.hillebrande1505@gmail.com
teste ltda,luiz.hillebrande1505@gmail.com
teste ltda,luiz.hillebrande1505@gmail.com
teste ltda,luiz.hillebrande1505@gmail.com
teste ltda,luiz.hillebrande1505@gmail.com
teste ltda,luiz.hillebrande1505@gmail.com
teste ltda,luiz.hillebrande1505@gmail.com
teste ltda,luiz.hillebrande1505@gmail.com
teste ltda,luiz.hillebrande1505@gmail.com
teste ltda,luiz.hillebrande1505@gmail.com
teste ltda,luiz.hillebrande1505@gmail.com
teste ltda,luiz.hillebrande1505@gmail.com
teste ltda,luiz.hillebrande1505@gmail.com
teste ltda,luiz.hillebrande1505@gmail.com
teste ltda,luiz.hillebrande1505@gmail.com
teste ltda,luiz.hillebrande1505@gmail.com
teste ltda,luiz.hillebrande1505@gmail.com
teste ltda,luiz.hillebrande1505@gmail.com
teste ltda,luiz.hillebrande1505@gmail.com
teste ltda,luiz.hillebrande1505@gmail.com
teste ltda,luiz.hillebrande1505@gmail.com
teste ltda,luiz.hillebrande1505@gmail.com
teste ltda,luiz.hillebrande1505@gmail.com
teste ltda,luiz.hillebrande1505@gmail.com
teste ltda,luiz.hillebrande1505@gmail.com
teste ltda,luiz.hillebrande1505@gmail.com
teste ltda,luiz.hillebrande1505@gmail.com
teste ltda,luiz.hillebrande1505@gmail.com
teste ltda,luiz.hillebrande1505@gmail.com
teste ltda,luiz.hillebrande1505@gmail.com
teste ltda,luiz.hillebrande1505@gmail.com
teste ltda,luiz.hillebrande1505@gmail.com
teste ltda,luiz.hillebrande1505@gmail.com
teste ltda,luiz.hillebrande1505@gmail.com
teste ltda,luiz.hillebrande1505@gmail.com
teste ltda,luiz.hillebrande1505@gmail.com
teste ltda,luiz.hillebrande1505@gmail.com
teste ltda,luiz.hillebrande1505@gmail.com
teste ltda,luiz.hillebrande1505@gmail.com
teste ltda,luiz.hillebrande1505@gmail.com
teste ltda,luiz.hillebrande1505@gmail.com
teste ltda,luiz.hillebrande1505@gmail.com
teste ltda,luiz.hillebrande1505@gmail.com
teste ltda,luiz.hillebrande1505@gmail.com
teste ltda,luiz.hillebrande1505@gmail.com
teste ltda,luiz.hillebrande1505@gmail.com
teste ltda,luiz.hillebrande1505@gmail.com
teste ltda,luiz.hillebrande1505@gmail.com
teste ltda,luiz.hillebrande1505@gmail.com
teste ltda,luiz.hillebrande1505@gmail.com
teste ltda,luiz.hillebrande1505@gmail.com
teste ltda,luiz.hillebrande1505@gmail.com
teste ltda,luiz.hillebrande1505@gmail.com
teste ltda,luiz.hillebrande1505@gmail.com
teste ltda,luiz.hillebrande1505@gmail.com
teste ltda,luiz.hillebrande1505@gmail.com
teste ltda,luiz.hillebrande1505@gmail.com
teste ltda,luiz.hillebrande1505@gmail.com
teste ltda,luiz.hillebrande1505@gmail.com
teste ltda,luiz.hillebrande1505@gmail.com
teste ltda,luiz.hillebrande1505@gmail.com
teste ltda,luiz.hillebrande1505@gmail.com
teste ltda,luiz.hillebrande1505@gmail.com
teste ltda,luiz.hillebrande1505@gmail.com
teste ltda,luiz.hillebrande1505@gmail.com
teste ltda,luiz.hillebrande1505@gmail.com
teste ltda,luiz.hillebrande1505@gmail.com
teste ltda,luiz.hillebrande1505@gmail.com
teste ltda,luiz.hillebrande1505@gmail.com
teste ltda,luiz.hillebrande1505@gmail.com
teste ltda,luiz.hillebrande1505@gmail.com
teste ltda,luiz.hillebrande1505@gmail.com
teste ltda,luiz.hillebrande1505@gmail.com
teste ltda,luiz.hillebrande1505@gmail.com
teste ltda,luiz.hillebrande1505@gmail.com
teste ltda,luiz.hillebrande1505@gmail.com
teste ltda,luiz.hillebrande1505@gmail.com
teste ltda,luiz.hillebrande1505@gmail.com
teste ltda,luiz.hillebrande1505@gmail.com
teste ltda,luiz.hillebrande1505@gmail.com
teste ltda,luiz.hillebrande1505@gmail.com
teste ltda,luiz.hillebrande1505@gmail.com
teste ltda,luiz.hillebrande1505@gmail.com
teste ltda,luiz.hillebrande1505@gmail.com
teste ltda,luiz.hillebrande1505@gmail.com
teste ltda,luiz.hillebrande1505@gmail.com
teste ltda,luiz.hillebrande1505@gmail.com
teste ltda,luiz.hillebrande1505@gmail.com
teste ltda,luiz.hillebrande1505@gmail.com
teste ltda,luiz.hillebrande1505@gmail.com
teste ltda,luiz.hillebrande1505@gmail.com
teste ltda,luiz.hillebrande1505@gmail.com
teste ltda,luiz.hillebrande1505@gmail.com
teste ltda,luiz.hillebrande1505@gmail.com
teste ltda,luiz.hillebrande1505@gmail.com
teste ltda,luiz.hillebrande1505@gmail.com
teste ltda,luiz.hillebrande1505@gmail.com
teste ltda,luiz.hillebrande1505@gmail.com
teste ltda,luiz.hillebrande1505@gmail.com
teste ltda,luiz.hillebrande1505@gmail.com
teste ltda,luiz.hillebrande1505@gmail.com
teste ltda,luiz.hillebrande1505@gmail.com
teste ltda,luiz.hillebrande1505@gmail.com
teste ltda,luiz.hillebrande1505@gmail.com
teste ltda,luiz.hillebrande1505@gmail.com
teste ltda,luiz.hillebrande1505@gmail.com
teste ltda,luiz.hillebrande1505@gmail.com
teste ltda,luiz.hillebrande1505@gmail.com
teste ltda,luiz.hillebrande1505@gmail.com
teste ltda,luiz.hillebrande1505@gmail.com
teste ltda,luiz.hillebrande1505@gmail.com
teste ltda,luiz.hillebrande1505@gmail.com
teste ltda,luiz.hillebrande1505@gmail.com
teste ltda,luiz.hillebrande1505@gmail.com
teste ltda,luiz.hillebrande1505@gmail.com
teste ltda,luiz.hillebrande1505@gmail.com
teste ltda,luiz.hillebrande1505@gmail.com
teste ltda,luiz.hillebrande1505@gmail.com
teste ltda,luiz.hillebrande1505@gmail.com
teste ltda,luiz.hillebrande1505@gmail.com
teste ltda,luiz.hillebrande1505@gmail.com
teste ltda,luiz.hillebrande1505@gmail.com
teste ltda,luiz.hillebrande1505@gmail.com
teste ltda,luiz.hillebrande1505@gmail.com
teste ltda,luiz.hillebrande1505@gmail.com
teste ltda,luiz.hillebrande1505@gmail.com
teste ltda,luiz.hillebrande1505@gmail.com
teste ltda,luiz.hillebrande1505@gmail.com
teste ltda,luiz.hillebrande1505@gmail.com
teste ltda,luiz.hillebrande1505@gmail.com
teste ltda,luiz.hillebrande1505@gmail.com
teste ltda,luiz.hillebrande1505@gmail.com
teste ltda,luiz.hillebrande1505@gmail.com
teste ltda,luiz.hillebrande1505@gmail.com
teste ltda,luiz.hillebrande1505@gmail.com
teste ltda,luiz.hillebrande1505@gmail.com
teste ltda,luiz.hillebrande1505@gmail.com
teste ltda,luiz.hillebrande1505@gmail.com
teste ltda,luiz.hillebrande1505@gmail.com
teste ltda,luiz.hillebrande1505@gmail.com
teste ltda,luiz.hillebrande1505@gmail.com
teste ltda,luiz.hillebrande1505@gmail.com
teste ltda,luiz.hillebrande1505@gmail.com
teste ltda,luiz.hillebrande1505@gmail.com
teste ltda,luiz.hillebrande1505@gmail.com
teste ltda,luiz.hillebrande1505@gmail.com
teste ltda,luiz.hillebrande1505@gmail.com
teste ltda,luiz.hillebrande1505@gmail.com
teste ltda,luiz.hillebrande1505@gmail.com
teste ltda,luiz.hillebrande1505@gmail.com
teste ltda,luiz.hillebrande1505@gmail.com
teste ltda,luiz.hillebrande1505@gmail.com
teste ltda,luiz.hillebrande1505@gmail.com
teste ltda,luiz.hillebrande1505@gmail.com
teste ltda,luiz.hillebrande1505@gmail.com
teste ltda,luiz.hillebrande1505@gmail.com
teste ltda,luiz.hillebrande1505@gmail.com
teste ltda,luiz.hillebrande1505@gmail.com
teste ltda,luiz.hillebrande1505@gmail.com
teste ltda,luiz.hillebrande1505@gmail.com
teste ltda,luiz.hillebrande1505@gmail.com
teste ltda,luiz.hillebrande1505@gmail.com
teste ltda,luiz.hillebrande1505@gmail.com
teste ltda,luiz.hillebrande1505@gmail.com
teste ltda,luiz.hillebrande1505@gmail.com
teste ltda,luiz.hillebrande1505@gmail.com
teste ltda,luiz.hillebrande1505@gmail.com
teste ltda,luiz.hillebrande1505@gmail.com
teste ltda,luiz.hillebrande1505@gmail.com
teste ltda,luiz.hillebrande1505@gmail.com
teste ltda,luiz.hillebrande1505@gmail.com
teste ltda,luiz.hillebrande1505@gmail.com
teste ltda,luiz.hillebrande1505@gmail.com
teste ltda,luiz.hillebrande1505@gmail.com
teste ltda,luiz.hillebrande1505@gmail.com
teste ltda,luiz.hillebrande1505@gmail.com
teste ltda,luiz.hillebrande1505@gmail.com
teste ltda,luiz.hillebrande1505@gmail.com
teste ltda,luiz.hillebrande1505@gmail.com
teste ltda,luiz.hillebrande1505@gmail.com
teste ltda,luiz.hillebrande1505@gmail.com
teste ltda,luiz.hillebrande1505@gmail.com
teste ltda,luiz.hillebrande1505@gmail.com
teste ltda,luiz.hillebrande1505@gmail.com
teste ltda,luiz.hillebrande1505@gmail.com
teste ltda,luiz.hillebrande1505@gmail.com
teste ltda,luiz.hillebrande1505@gmail.com
teste ltda,luiz.hillebrande1505@gmail.com
teste ltda,luiz.hillebrande1505@gmail.com
teste ltda,luiz.hillebrande1505@gmail.com
teste ltda,luiz.hillebrande1505@gmail.com
teste ltda,luiz.hillebrande1505@gmail.com
teste ltda,luiz.hillebrande1505@gmail.com
teste ltda,luiz.hillebrande1505@gmail.com
teste ltda,luiz.hillebrande1505@gmail.com
teste ltda,luiz.hillebrande1505@gmail.com
teste ltda,luiz.hillebrande1505@gmail.com
teste ltda,luiz.hillebrande1505@gmail.com
teste ltda,luiz.hillebrande1505@gmail.com
teste ltda,luiz.hillebrande1505@gmail.com
teste ltda,luiz.hillebrande1505@gmail.com
teste ltda,luiz.hillebrande1505@gmail.com
teste ltda,luiz.hillebrande1505@gmail.com
teste ltda,luiz.hillebrande1505@gmail.com
teste ltda,luiz.hillebrande1505@gmail.com
teste ltda,luiz.hillebrande1505@gmail.com
teste ltda,luiz.hillebrande1505@gmail.com
teste ltda,luiz.hillebrande1505@gmail.com
teste ltda,luiz.hillebrande1505@gmail.com
teste ltda,luiz.hillebrande1505@gmail.com
teste ltda,luiz.hillebrande1505@gmail.com
teste ltda,luiz.hillebrande1505@gmail.com
teste ltda,luiz.hillebrande1505@gmail.com
teste ltda,luiz.hillebrande1505@gmail.com
teste ltda,luiz.hillebrande1505@gmail.com
teste ltda,luiz.hillebrande1505@gmail.com
teste ltda,luiz.hillebrande1505@gmail.com
teste ltda,luiz.hillebrande1505@gmail.com
teste ltda,luiz.hillebrande1505@gmail.com
teste ltda,luiz.hillebrande1505@gmail.com
teste ltda,luiz.hillebrande1505@gmail.com
teste ltda,luiz.hillebrande1505@gmail.com
teste ltda,luiz.hillebrande1505@gmail.com
teste ltda,luiz.hillebrande1505@gmail.com
teste ltda,luiz.hillebrande1505@gmail.com
teste ltda,luiz.hillebrande1505@gmail.com
teste ltda,luiz.hillebrande1505@gmail.com
teste ltda,luiz.hillebrande1505@gmail.com
teste ltda,luiz.hillebrande1505@gmail.com
teste ltda,luiz.hillebrande1505@gmail.com
teste ltda,luiz.hillebrande1505@gmail.com
teste ltda,luiz.hillebrande1505@gmail.com
teste ltda,luiz.hillebrande1505@gmail.com
teste ltda,luiz.hillebrande1505@gmail.com
teste ltda,luiz.hillebrande1505@gmail.com
teste ltda,luiz.hillebrande1505@gmail.com
teste ltda,luiz.hillebrande1505@gmail.com
teste ltda,luiz.hillebrande1505@gmail.com
teste ltda,luiz.hillebrande1505@gmail.com
teste ltda,luiz.hillebrande1505@gmail.com
teste ltda,luiz.hillebrande1505@gmail.com
teste ltda,luiz.hillebrande1505@gmail.com
teste ltda,luiz.hillebrande1505@gmail.com
teste ltda,luiz.hillebrande1505@gmail.com
teste ltda,luiz.hillebrande1505@gmail.com
teste ltda,luiz.hillebrande1505@gmail.com
teste ltda,luiz.hillebrande1505@gmail.com
teste ltda,luiz.hillebrande1505@gmail.com
teste ltda,luiz.hillebrande1505@gmail.com
teste ltda,luiz.hillebrande1505@gmail.com
teste ltda,luiz.hillebrande1505@gmail.com
teste ltda,luiz.hillebrande1505@gmail.com
teste ltda,luiz.hillebrande1505@gmail.com
teste ltda,luiz.hillebrande1505@gmail.com
teste ltda,luiz.hillebrande1505@gmail.com
teste ltda,luiz.hillebrande1505@gmail.com
teste ltda,luiz.hillebrande1505@gmail.com
teste ltda,luiz.hillebrande1505@gmail.com
teste ltda,luiz.hillebrande1505@gmail.com
teste ltda,luiz.hillebrande1505@gmail.com
teste ltda,luiz.hillebrande1505@gmail.com
teste ltda,luiz.hillebrande1505@gmail.com
teste ltda,luiz.hillebrande1505@gmail.com
teste ltda,luiz.hillebrande1505@gmail.com
teste ltda,luiz.hillebrande1505@gmail.com
teste ltda,luiz.hillebrande1505@gmail.com
teste ltda,luiz.hillebrande1505@gmail.com
teste ltda,luiz.hillebrande1505@gmail.com
teste ltda,luiz.hillebrande1505@gmail.com
teste ltda,luiz.hillebrande1505@gmail.com
teste ltda,luiz.hillebrande1505@gmail.com
teste ltda,luiz.hillebrande1505@gmail.com
teste ltda,luiz.hillebrande1505@gmail.com
teste ltda,luiz.hillebrande1505@gmail.com
teste ltda,luiz.hillebrande1505@gmail.com
teste ltda,luiz.hillebrande1505@gmail.com
teste ltda,luiz.hillebrande1505@gmail.com
teste ltda,luiz.hillebrande1505@gmail.com
teste ltda,luiz.hillebrande1505@gmail.com
teste ltda,luiz.hillebrande1505@gmail.com
teste ltda,luiz.hillebrande1505@gmail.com
teste ltda,luiz.hillebrande1505@gmail.com
teste ltda,luiz.hillebrande1505@gmail.com
teste ltda,luiz.hillebrande1505@gmail.com
teste ltda,luiz.hillebrande1505@gmail.com
teste ltda,luiz.hillebrande1505@gmail.com
teste ltda,luiz.hillebrande1505@gmail.com
teste ltda,luiz.hillebrande1505@gmail.com
teste ltda,luiz.hillebrande1505@gmail.com
teste ltda,luiz.hillebrande1505@gmail.com
teste ltda,luiz.hillebrande1505@gmail.com
teste ltda,luiz.hillebrande1505@gmail.com
teste ltda,luiz.hillebrande1505@gmail.com
teste ltda,luiz.hillebrande1505@gmail.com
teste ltda,luiz.hillebrande1505@gmail.com
teste ltda,luiz.hillebrande1505@gmail.com
teste ltda,luiz.hillebrande1505@gmail.com
teste ltda,luiz.hillebrande1505@gmail.com
teste ltda,luiz.hillebrande1505@gmail.com
teste ltda,luiz.hillebrande1505@gmail.com
teste ltda,luiz.hillebrande1505@gmail.com
teste ltda,luiz.hillebrande1505@gmail.com
teste ltda,luiz.hillebrande1505@gmail.com
teste ltda,luiz.hillebrande1505@gmail.com
teste ltda,luiz.hillebrande1505@gmail.com
teste ltda,luiz.hillebrande1505@gmail.com
teste ltda,luiz.hillebrande1505@gmail.com
teste ltda,luiz.hillebrande1505@gmail.com
teste ltda,luiz.hillebrande1505@gmail.com
teste ltda,luiz.hillebrande1505@gmail.com
teste ltda,luiz.hillebrande1505@gmail.com
teste ltda,luiz.hillebrande1505@gmail.com
teste ltda,luiz.hillebrande1505@gmail.com
teste ltda,luiz.hillebrande1505@gmail.com
teste ltda,luiz.hillebrande1505@gmail.com
teste ltda,luiz.hillebrande1505@gmail.com
teste ltda,luiz.hillebrande1505@gmail.com
teste ltda,luiz.hillebrande1505@gmail.com
teste ltda,luiz.hillebrande1505@gmail.com
teste ltda,luiz.hillebrande1505@gmail.com
teste ltda,luiz.hillebrande1505@gmail.com
teste ltda,luiz.hillebrande1505@gmail.com
teste ltda,luiz.hillebrande1505@gmail.com
teste ltda,luiz.hillebrande1505@gmail.com
teste ltda,luiz.hillebrande1505@gmail.com
teste ltda,luiz.hillebrande1505@gmail.com
teste ltda,luiz.hillebrande1505@gmail.com
teste ltda,luiz.hillebrande1505@gmail.com
teste ltda,luiz.hillebrande1505@gmail.com
teste ltda,luiz.hillebrande1505@gmail.com
teste ltda,luiz.hillebrande1505@gmail.com
teste ltda,luiz.hillebrande1505@gmail.com
teste ltda,luiz.hillebrande1505@gmail.com
teste ltda,luiz.hillebrande1505@gmail.com
teste ltda,luiz.hillebrande1505@gmail.com
teste ltda,luiz.hillebrande1505@gmail.com
teste ltda,luiz.hillebrande1505@gmail.com
teste ltda,luiz.hillebrande1505@gmail.com
teste ltda,luiz.hillebrande1505@gmail.com
