Raz√£o Social,Email
Teste_1 LTDA,luiz.hillebrande1505@gmail.com
Teste_2 LTDA,luiz.hillebrande1505@gmail.com
Teste_3 LTDA,luiz.hillebrande1505@gmail.com
Teste_4 LTDA,luiz.hillebrande1505@gmail.com
Teste_5 LTDA,luiz.hillebrande1505@gmail.com
Teste_6 LTDA,luiz.hillebrande1505@gmail.com
Teste_7 LTDA,luiz.hillebrande1505@gmail.com
Teste_8 LTDA,luiz.hillebrande1505@gmail.com
Teste_9 LTDA,luiz.hillebrande1505@gmail.com
Teste_10 LTDA,luiz.hillebrande1505@gmail.com
Teste_11 LTDA,luiz.hillebrande1505@gmail.com
Teste_12 LTDA,luiz.hillebrande1505@gmail.com
Teste_13 LTDA,luiz.hillebrande1505@gmail.com
Teste_14 LTDA,luiz.hillebrande1505@gmail.com
Teste_15 LTDA,luiz.hillebrande1505@gmail.com
Teste_16 LTDA,luiz.hillebrande1505@gmail.com
Teste_17 LTDA,luiz.hillebrande1505@gmail.com
Teste_18 LTDA,luiz.hillebrande1505@gmail.com
Teste_19 LTDA,luiz.hillebrande1505@gmail.com
Teste_20 LTDA,luiz.hillebrande1505@gmail.com
Teste_21 LTDA,luiz.hillebrande1505@gmail.com
Teste_22 LTDA,luiz.hillebrande1505@gmail.com
Teste_23 LTDA,luiz.hillebrande1505@gmail.com
Teste_24 LTDA,luiz.hillebrande1505@gmail.com
Teste_25 LTDA,luiz.hillebrande1505@gmail.com
Teste_26 LTDA,luiz.hillebrande1505@gmail.com
Teste_27 LTDA,luiz.hillebrande1505@gmail.com
Teste_28 LTDA,luiz.hillebrande1505@gmail.com
Teste_29 LTDA,luiz.hillebrande1505@gmail.com
Teste_30 LTDA,luiz.hillebrande1505@gmail.com
Teste_31 LTDA,luiz.hillebrande1505@gmail.com
Teste_32 LTDA,luiz.hillebrande1505@gmail.com
Teste_33 LTDA,luiz.hillebrande1505@gmail.com
Teste_34 LTDA,luiz.hillebrande1505@gmail.com
Teste_35 LTDA,luiz.hillebrande1505@gmail.com
Teste_36 LTDA,luiz.hillebrande1505@gmail.com
Teste_37 LTDA,luiz.hillebrande1505@gmail.com
Teste_38 LTDA,luiz.hillebrande1505@gmail.com
Teste_39 LTDA,luiz.hillebrande1505@gmail.com
Teste_40 LTDA,luiz.hillebrande1505@gmail.com
Teste_41 LTDA,luiz.hillebrande1505@gmail.com
Teste_42 LTDA,luiz.hillebrande1505@gmail.com
Teste_43 LTDA,luiz.hillebrande1505@gmail.com
Teste_44 LTDA,luiz.hillebrande1505@gmail.com
Teste_45 LTDA,luiz.hillebrande1505@gmail.com
Teste_46 LTDA,luiz.hillebrande1505@gmail.com
Teste_47 LTDA,luiz.hillebrande1505@gmail.com
Teste_48 LTDA,luiz.hillebrande1505@gmail.com
Teste_49 LTDA,luiz.hillebrande1505@gmail.com
Teste_50 LTDA,luiz.hillebrande1505@gmail.com
Teste_51 LTDA,luiz.hillebrande1505@gmail.com
Teste_52 LTDA,luiz.hillebrande1505@gmail.com
Teste_53 LTDA,luiz.hillebrande1505@gmail.com
Teste_54 LTDA,luiz.hillebrande1505@gmail.com
Teste_55 LTDA,luiz.hillebrande1505@gmail.com
Teste_56 LTDA,luiz.hillebrande1505@gmail.com
Teste_57 LTDA,luiz.hillebrande1505@gmail.com
Teste_58 LTDA,luiz.hillebrande1505@gmail.com
Teste_59 LTDA,luiz.hillebrande1505@gmail.com
Teste_60 LTDA,luiz.hillebrande1505@gmail.com
Teste_61 LTDA,luiz.hillebrande1505@gmail.com
Teste_62 LTDA,luiz.hillebrande1505@gmail.com
Teste_63 LTDA,luiz.hillebrande1505@gmail.com
Teste_64 LTDA,luiz.hillebrande1505@gmail.com
Teste_65 LTDA,luiz.hillebrande1505@gmail.com
Teste_66 LTDA,luiz.hillebrande1505@gmail.com
Teste_67 LTDA,luiz.hillebrande1505@gmail.com
Teste_68 LTDA,luiz.hillebrande1505@gmail.com
Teste_69 LTDA,luiz.hillebrande1505@gmail.com
Teste_70 LTDA,luiz.hillebrande1505@gmail.com
Teste_71 LTDA,luiz.hillebrande1505@gmail.com
Teste_72 LTDA,luiz.hillebrande1505@gmail.com
Teste_73 LTDA,luiz.hillebrande1505@gmail.com
Teste_74 LTDA,luiz.hillebrande1505@gmail.com
Teste_75 LTDA,luiz.hillebrande1505@gmail.com
Teste_76 LTDA,luiz.hillebrande1505@gmail.com
Teste_77 LTDA,luiz.hillebrande1505@gmail.com
Teste_78 LTDA,luiz.hillebrande1505@gmail.com
Teste_79 LTDA,luiz.hillebrande1505@gmail.com
Teste_80 LTDA,luiz.hillebrande1505@gmail.com
Teste_81 LTDA,luiz.hillebrande1505@gmail.com
Teste_82 LTDA,luiz.hillebrande1505@gmail.com
Teste_83 LTDA,luiz.hillebrande1505@gmail.com
Teste_84 LTDA,luiz.hillebrande1505@gmail.com
Teste_85 LTDA,luiz.hillebrande1505@gmail.com
Teste_86 LTDA,luiz.hillebrande1505@gmail.com
Teste_87 LTDA,luiz.hillebrande1505@gmail.com
Teste_88 LTDA,luiz.hillebrande1505@gmail.com
Teste_89 LTDA,luiz.hillebrande1505@gmail.com
Teste_90 LTDA,luiz.hillebrande1505@gmail.com
Teste_91 LTDA,luiz.hillebrande1505@gmail.com
Teste_92 LTDA,luiz.hillebrande1505@gmail.com
Teste_93 LTDA,luiz.hillebrande1505@gmail.com
Teste_94 LTDA,luiz.hillebrande1505@gmail.com
Teste_95 LTDA,luiz.hillebrande1505@gmail.com
Teste_96 LTDA,luiz.hillebrande1505@gmail.com
Teste_97 LTDA,luiz.hillebrande1505@gmail.com
Teste_98 LTDA,luiz.hillebrande1505@gmail.com
Teste_99 LTDA,luiz.hillebrande1505@gmail.com
Teste_100 LTDA,luiz.hillebrande1505@gmail.com
Teste_101 LTDA,luiz.hillebrande1505@gmail.com
Teste_102 LTDA,luiz.hillebrande1505@gmail.com
Teste_103 LTDA,luiz.hillebrande1505@gmail.com
Teste_104 LTDA,luiz.hillebrande1505@gmail.com
Teste_105 LTDA,luiz.hillebrande1505@gmail.com
Teste_106 LTDA,luiz.hillebrande1505@gmail.com
Teste_107 LTDA,luiz.hillebrande1505@gmail.com
Teste_108 LTDA,luiz.hillebrande1505@gmail.com
Teste_109 LTDA,luiz.hillebrande1505@gmail.com
Teste_110 LTDA,luiz.hillebrande1505@gmail.com
Teste_111 LTDA,luiz.hillebrande1505@gmail.com
Teste_112 LTDA,luiz.hillebrande1505@gmail.com
Teste_113 LTDA,luiz.hillebrande1505@gmail.com
Teste_114 LTDA,luiz.hillebrande1505@gmail.com
Teste_115 LTDA,luiz.hillebrande1505@gmail.com
Teste_116 LTDA,luiz.hillebrande1505@gmail.com
Teste_117 LTDA,luiz.hillebrande1505@gmail.com
Teste_118 LTDA,luiz.hillebrande1505@gmail.com
Teste_119 LTDA,luiz.hillebrande1505@gmail.com
Teste_120 LTDA,luiz.hillebrande1505@gmail.com
Teste_121 LTDA,luiz.hillebrande1505@gmail.com
Teste_122 LTDA,luiz.hillebrande1505@gmail.com
Teste_123 LTDA,luiz.hillebrande1505@gmail.com
Teste_124 LTDA,luiz.hillebrande1505@gmail.com
Teste_125 LTDA,luiz.hillebrande1505@gmail.com
Teste_126 LTDA,luiz.hillebrande1505@gmail.com
Teste_127 LTDA,luiz.hillebrande1505@gmail.com
Teste_128 LTDA,luiz.hillebrande1505@gmail.com
Teste_129 LTDA,luiz.hillebrande1505@gmail.com
Teste_130 LTDA,luiz.hillebrande1505@gmail.com
Teste_131 LTDA,luiz.hillebrande1505@gmail.com
Teste_132 LTDA,luiz.hillebrande1505@gmail.com
Teste_133 LTDA,luiz.hillebrande1505@gmail.com
Teste_134 LTDA,luiz.hillebrande1505@gmail.com
Teste_135 LTDA,luiz.hillebrande1505@gmail.com
Teste_136 LTDA,luiz.hillebrande1505@gmail.com
Teste_137 LTDA,luiz.hillebrande1505@gmail.com
Teste_138 LTDA,luiz.hillebrande1505@gmail.com
Teste_139 LTDA,luiz.hillebrande1505@gmail.com
Teste_140 LTDA,luiz.hillebrande1505@gmail.com
Teste_141 LTDA,luiz.hillebrande1505@gmail.com
Teste_142 LTDA,luiz.hillebrande1505@gmail.com
Teste_143 LTDA,luiz.hillebrande1505@gmail.com
Teste_144 LTDA,luiz.hillebrande1505@gmail.com
Teste_145 LTDA,luiz.hillebrande1505@gmail.com
Teste_146 LTDA,luiz.hillebrande1505@gmail.com
Teste_147 LTDA,luiz.hillebrande1505@gmail.com
Teste_148 LTDA,luiz.hillebrande1505@gmail.com
Teste_149 LTDA,luiz.hillebrande1505@gmail.com
Teste_150 LTDA,luiz.hillebrande1505@gmail.com
Teste_151 LTDA,luiz.hillebrande1505@gmail.com
Teste_152 LTDA,luiz.hillebrande1505@gmail.com
Teste_153 LTDA,luiz.hillebrande1505@gmail.com
Teste_154 LTDA,luiz.hillebrande1505@gmail.com
Teste_155 LTDA,luiz.hillebrande1505@gmail.com
Teste_156 LTDA,luiz.hillebrande1505@gmail.com
Teste_157 LTDA,luiz.hillebrande1505@gmail.com
Teste_158 LTDA,luiz.hillebrande1505@gmail.com
Teste_159 LTDA,luiz.hillebrande1505@gmail.com
Teste_160 LTDA,luiz.hillebrande1505@gmail.com
Teste_161 LTDA,luiz.hillebrande1505@gmail.com
Teste_162 LTDA,luiz.hillebrande1505@gmail.com
Teste_163 LTDA,luiz.hillebrande1505@gmail.com
Teste_164 LTDA,luiz.hillebrande1505@gmail.com
Teste_165 LTDA,luiz.hillebrande1505@gmail.com
Teste_166 LTDA,luiz.hillebrande1505@gmail.com
Teste_167 LTDA,luiz.hillebrande1505@gmail.com
Teste_168 LTDA,luiz.hillebrande1505@gmail.com
Teste_169 LTDA,luiz.hillebrande1505@gmail.com
Teste_170 LTDA,luiz.hillebrande1505@gmail.com
Teste_171 LTDA,luiz.hillebrande1505@gmail.com
Teste_172 LTDA,luiz.hillebrande1505@gmail.com
Teste_173 LTDA,luiz.hillebrande1505@gmail.com
Teste_174 LTDA,luiz.hillebrande1505@gmail.com
Teste_175 LTDA,luiz.hillebrande1505@gmail.com
Teste_176 LTDA,luiz.hillebrande1505@gmail.com
Teste_177 LTDA,luiz.hillebrande1505@gmail.com
Teste_178 LTDA,luiz.hillebrande1505@gmail.com
Teste_179 LTDA,luiz.hillebrande1505@gmail.com
Teste_180 LTDA,luiz.hillebrande1505@gmail.com
Teste_181 LTDA,luiz.hillebrande1505@gmail.com
Teste_182 LTDA,luiz.hillebrande1505@gmail.com
Teste_183 LTDA,luiz.hillebrande1505@gmail.com
Teste_184 LTDA,luiz.hillebrande1505@gmail.com
Teste_185 LTDA,luiz.hillebrande1505@gmail.com
Teste_186 LTDA,luiz.hillebrande1505@gmail.com
Teste_187 LTDA,luiz.hillebrande1505@gmail.com
Teste_188 LTDA,luiz.hillebrande1505@gmail.com
Teste_189 LTDA,luiz.hillebrande1505@gmail.com
Teste_190 LTDA,luiz.hillebrande1505@gmail.com
Teste_191 LTDA,luiz.hillebrande1505@gmail.com
Teste_192 LTDA,luiz.hillebrande1505@gmail.com
Teste_193 LTDA,luiz.hillebrande1505@gmail.com
Teste_194 LTDA,luiz.hillebrande1505@gmail.com
Teste_195 LTDA,luiz.hillebrande1505@gmail.com
Teste_196 LTDA,luiz.hillebrande1505@gmail.com
Teste_197 LTDA,luiz.hillebrande1505@gmail.com
Teste_198 LTDA,luiz.hillebrande1505@gmail.com
Teste_199 LTDA,luiz.hillebrande1505@gmail.com
Teste_200 LTDA,luiz.hillebrande1505@gmail.com
Teste_201 LTDA,luiz.hillebrande1505@gmail.com
Teste_202 LTDA,luiz.hillebrande1505@gmail.com
Teste_203 LTDA,luiz.hillebrande1505@gmail.com
Teste_204 LTDA,luiz.hillebrande1505@gmail.com
Teste_205 LTDA,luiz.hillebrande1505@gmail.com
Teste_206 LTDA,luiz.hillebrande1505@gmail.com
Teste_207 LTDA,luiz.hillebrande1505@gmail.com
Teste_208 LTDA,luiz.hillebrande1505@gmail.com
Teste_209 LTDA,luiz.hillebrande1505@gmail.com
Teste_210 LTDA,luiz.hillebrande1505@gmail.com
Teste_211 LTDA,luiz.hillebrande1505@gmail.com
Teste_212 LTDA,luiz.hillebrande1505@gmail.com
Teste_213 LTDA,luiz.hillebrande1505@gmail.com
Teste_214 LTDA,luiz.hillebrande1505@gmail.com
Teste_215 LTDA,luiz.hillebrande1505@gmail.com
Teste_216 LTDA,luiz.hillebrande1505@gmail.com
Teste_217 LTDA,luiz.hillebrande1505@gmail.com
Teste_218 LTDA,luiz.hillebrande1505@gmail.com
Teste_219 LTDA,luiz.hillebrande1505@gmail.com
Teste_220 LTDA,luiz.hillebrande1505@gmail.com
Teste_221 LTDA,luiz.hillebrande1505@gmail.com
Teste_222 LTDA,luiz.hillebrande1505@gmail.com
Teste_223 LTDA,luiz.hillebrande1505@gmail.com
Teste_224 LTDA,luiz.hillebrande1505@gmail.com
Teste_225 LTDA,luiz.hillebrande1505@gmail.com
Teste_226 LTDA,luiz.hillebrande1505@gmail.com
Teste_227 LTDA,luiz.hillebrande1505@gmail.com
Teste_228 LTDA,luiz.hillebrande1505@gmail.com
Teste_229 LTDA,luiz.hillebrande1505@gmail.com
Teste_230 LTDA,luiz.hillebrande1505@gmail.com
Teste_231 LTDA,luiz.hillebrande1505@gmail.com
Teste_232 LTDA,luiz.hillebrande1505@gmail.com
Teste_233 LTDA,luiz.hillebrande1505@gmail.com
Teste_234 LTDA,luiz.hillebrande1505@gmail.com
Teste_235 LTDA,luiz.hillebrande1505@gmail.com
Teste_236 LTDA,luiz.hillebrande1505@gmail.com
Teste_237 LTDA,luiz.hillebrande1505@gmail.com
Teste_238 LTDA,luiz.hillebrande1505@gmail.com
Teste_239 LTDA,luiz.hillebrande1505@gmail.com
Teste_240 LTDA,luiz.hillebrande1505@gmail.com
Teste_241 LTDA,luiz.hillebrande1505@gmail.com
Teste_242 LTDA,luiz.hillebrande1505@gmail.com
Teste_243 LTDA,luiz.hillebrande1505@gmail.com
Teste_244 LTDA,luiz.hillebrande1505@gmail.com
Teste_245 LTDA,luiz.hillebrande1505@gmail.com
Teste_246 LTDA,luiz.hillebrande1505@gmail.com
Teste_247 LTDA,luiz.hillebrande1505@gmail.com
Teste_248 LTDA,luiz.hillebrande1505@gmail.com
Teste_249 LTDA,luiz.hillebrande1505@gmail.com
Teste_250 LTDA,luiz.hillebrande1505@gmail.com
Teste_251 LTDA,luiz.hillebrande1505@gmail.com
Teste_252 LTDA,luiz.hillebrande1505@gmail.com
Teste_253 LTDA,luiz.hillebrande1505@gmail.com
Teste_254 LTDA,luiz.hillebrande1505@gmail.com
Teste_255 LTDA,luiz.hillebrande1505@gmail.com
Teste_256 LTDA,luiz.hillebrande1505@gmail.com
Teste_257 LTDA,luiz.hillebrande1505@gmail.com
Teste_258 LTDA,luiz.hillebrande1505@gmail.com
Teste_259 LTDA,luiz.hillebrande1505@gmail.com
Teste_260 LTDA,luiz.hillebrande1505@gmail.com
Teste_261 LTDA,luiz.hillebrande1505@gmail.com
Teste_262 LTDA,luiz.hillebrande1505@gmail.com
Teste_263 LTDA,luiz.hillebrande1505@gmail.com
Teste_264 LTDA,luiz.hillebrande1505@gmail.com
Teste_265 LTDA,luiz.hillebrande1505@gmail.com
Teste_266 LTDA,luiz.hillebrande1505@gmail.com
Teste_267 LTDA,luiz.hillebrande1505@gmail.com
Teste_268 LTDA,luiz.hillebrande1505@gmail.com
Teste_269 LTDA,luiz.hillebrande1505@gmail.com
Teste_270 LTDA,luiz.hillebrande1505@gmail.com
Teste_271 LTDA,luiz.hillebrande1505@gmail.com
Teste_272 LTDA,luiz.hillebrande1505@gmail.com
Teste_273 LTDA,luiz.hillebrande1505@gmail.com
Teste_274 LTDA,luiz.hillebrande1505@gmail.com
Teste_275 LTDA,luiz.hillebrande1505@gmail.com
Teste_276 LTDA,luiz.hillebrande1505@gmail.com
Teste_277 LTDA,luiz.hillebrande1505@gmail.com
Teste_278 LTDA,luiz.hillebrande1505@gmail.com
Teste_279 LTDA,luiz.hillebrande1505@gmail.com
Teste_280 LTDA,luiz.hillebrande1505@gmail.com
Teste_281 LTDA,luiz.hillebrande1505@gmail.com
Teste_282 LTDA,luiz.hillebrande1505@gmail.com
Teste_283 LTDA,luiz.hillebrande1505@gmail.com
Teste_284 LTDA,luiz.hillebrande1505@gmail.com
Teste_285 LTDA,luiz.hillebrande1505@gmail.com
Teste_286 LTDA,luiz.hillebrande1505@gmail.com
Teste_287 LTDA,luiz.hillebrande1505@gmail.com
Teste_288 LTDA,luiz.hillebrande1505@gmail.com
Teste_289 LTDA,luiz.hillebrande1505@gmail.com
Teste_290 LTDA,luiz.hillebrande1505@gmail.com
Teste_291 LTDA,luiz.hillebrande1505@gmail.com
Teste_292 LTDA,luiz.hillebrande1505@gmail.com
Teste_293 LTDA,luiz.hillebrande1505@gmail.com
Teste_294 LTDA,luiz.hillebrande1505@gmail.com
Teste_295 LTDA,luiz.hillebrande1505@gmail.com
Teste_296 LTDA,luiz.hillebrande1505@gmail.com
Teste_297 LTDA,luiz.hillebrande1505@gmail.com
Teste_298 LTDA,luiz.hillebrande1505@gmail.com
Teste_299 LTDA,luiz.hillebrande1505@gmail.com
Teste_300 LTDA,luiz.hillebrande1505@gmail.com
Teste_301 LTDA,luiz.hillebrande1505@gmail.com
Teste_302 LTDA,luiz.hillebrande1505@gmail.com
Teste_303 LTDA,luiz.hillebrande1505@gmail.com
Teste_304 LTDA,luiz.hillebrande1505@gmail.com
Teste_305 LTDA,luiz.hillebrande1505@gmail.com
Teste_306 LTDA,luiz.hillebrande1505@gmail.com
Teste_307 LTDA,luiz.hillebrande1505@gmail.com
Teste_308 LTDA,luiz.hillebrande1505@gmail.com
Teste_309 LTDA,luiz.hillebrande1505@gmail.com
Teste_310 LTDA,luiz.hillebrande1505@gmail.com
Teste_311 LTDA,luiz.hillebrande1505@gmail.com
Teste_312 LTDA,luiz.hillebrande1505@gmail.com
Teste_313 LTDA,luiz.hillebrande1505@gmail.com
Teste_314 LTDA,luiz.hillebrande1505@gmail.com
Teste_315 LTDA,luiz.hillebrande1505@gmail.com
Teste_316 LTDA,luiz.hillebrande1505@gmail.com
Teste_317 LTDA,luiz.hillebrande1505@gmail.com
Teste_318 LTDA,luiz.hillebrande1505@gmail.com
Teste_319 LTDA,luiz.hillebrande1505@gmail.com
Teste_320 LTDA,luiz.hillebrande1505@gmail.com
Teste_321 LTDA,luiz.hillebrande1505@gmail.com
Teste_322 LTDA,luiz.hillebrande1505@gmail.com
Teste_323 LTDA,luiz.hillebrande1505@gmail.com
Teste_324 LTDA,luiz.hillebrande1505@gmail.com
Teste_325 LTDA,luiz.hillebrande1505@gmail.com
Teste_326 LTDA,luiz.hillebrande1505@gmail.com
Teste_327 LTDA,luiz.hillebrande1505@gmail.com
Teste_328 LTDA,luiz.hillebrande1505@gmail.com
Teste_329 LTDA,luiz.hillebrande1505@gmail.com
Teste_330 LTDA,luiz.hillebrande1505@gmail.com
Teste_331 LTDA,luiz.hillebrande1505@gmail.com
Teste_332 LTDA,luiz.hillebrande1505@gmail.com
Teste_333 LTDA,luiz.hillebrande1505@gmail.com
Teste_334 LTDA,luiz.hillebrande1505@gmail.com
Teste_335 LTDA,luiz.hillebrande1505@gmail.com
Teste_336 LTDA,luiz.hillebrande1505@gmail.com
Teste_337 LTDA,luiz.hillebrande1505@gmail.com
Teste_338 LTDA,luiz.hillebrande1505@gmail.com
Teste_339 LTDA,luiz.hillebrande1505@gmail.com
Teste_340 LTDA,luiz.hillebrande1505@gmail.com
Teste_341 LTDA,luiz.hillebrande1505@gmail.com
Teste_342 LTDA,luiz.hillebrande1505@gmail.com
Teste_343 LTDA,luiz.hillebrande1505@gmail.com
Teste_344 LTDA,luiz.hillebrande1505@gmail.com
Teste_345 LTDA,luiz.hillebrande1505@gmail.com
Teste_346 LTDA,luiz.hillebrande1505@gmail.com
Teste_347 LTDA,luiz.hillebrande1505@gmail.com
Teste_348 LTDA,luiz.hillebrande1505@gmail.com
Teste_349 LTDA,luiz.hillebrande1505@gmail.com
Teste_350 LTDA,luiz.hillebrande1505@gmail.com
Teste_351 LTDA,luiz.hillebrande1505@gmail.com
Teste_352 LTDA,luiz.hillebrande1505@gmail.com
Teste_353 LTDA,luiz.hillebrande1505@gmail.com
Teste_354 LTDA,luiz.hillebrande1505@gmail.com
Teste_355 LTDA,luiz.hillebrande1505@gmail.com
Teste_356 LTDA,luiz.hillebrande1505@gmail.com
Teste_357 LTDA,luiz.hillebrande1505@gmail.com
Teste_358 LTDA,luiz.hillebrande1505@gmail.com
Teste_359 LTDA,luiz.hillebrande1505@gmail.com
Teste_360 LTDA,luiz.hillebrande1505@gmail.com
Teste_361 LTDA,luiz.hillebrande1505@gmail.com
Teste_362 LTDA,luiz.hillebrande1505@gmail.com
Teste_363 LTDA,luiz.hillebrande1505@gmail.com
Teste_364 LTDA,luiz.hillebrande1505@gmail.com
Teste_365 LTDA,luiz.hillebrande1505@gmail.com
Teste_366 LTDA,luiz.hillebrande1505@gmail.com
Teste_367 LTDA,luiz.hillebrande1505@gmail.com
Teste_368 LTDA,luiz.hillebrande1505@gmail.com
Teste_369 LTDA,luiz.hillebrande1505@gmail.com
Teste_370 LTDA,luiz.hillebrande1505@gmail.com
Teste_371 LTDA,luiz.hillebrande1505@gmail.com
Teste_372 LTDA,luiz.hillebrande1505@gmail.com
Teste_373 LTDA,luiz.hillebrande1505@gmail.com
Teste_374 LTDA,luiz.hillebrande1505@gmail.com
Teste_375 LTDA,luiz.hillebrande1505@gmail.com
Teste_376 LTDA,luiz.hillebrande1505@gmail.com
Teste_377 LTDA,luiz.hillebrande1505@gmail.com
Teste_378 LTDA,luiz.hillebrande1505@gmail.com
Teste_379 LTDA,luiz.hillebrande1505@gmail.com
Teste_380 LTDA,luiz.hillebrande1505@gmail.com
Teste_381 LTDA,luiz.hillebrande1505@gmail.com
Teste_382 LTDA,luiz.hillebrande1505@gmail.com
Teste_383 LTDA,luiz.hillebrande1505@gmail.com
Teste_384 LTDA,luiz.hillebrande1505@gmail.com
Teste_385 LTDA,luiz.hillebrande1505@gmail.com
Teste_386 LTDA,luiz.hillebrande1505@gmail.com
Teste_387 LTDA,luiz.hillebrande1505@gmail.com
Teste_388 LTDA,luiz.hillebrande1505@gmail.com
Teste_389 LTDA,luiz.hillebrande1505@gmail.com
Teste_390 LTDA,luiz.hillebrande1505@gmail.com
Teste_391 LTDA,luiz.hillebrande1505@gmail.com
Teste_392 LTDA,luiz.hillebrande1505@gmail.com
Teste_393 LTDA,luiz.hillebrande1505@gmail.com
Teste_394 LTDA,luiz.hillebrande1505@gmail.com
Teste_395 LTDA,luiz.hillebrande1505@gmail.com
Teste_396 LTDA,luiz.hillebrande1505@gmail.com
Teste_397 LTDA,luiz.hillebrande1505@gmail.com
Teste_398 LTDA,luiz.hillebrande1505@gmail.com
Teste_399 LTDA,luiz.hillebrande1505@gmail.com
Teste_400 LTDA,luiz.hillebrande1505@gmail.com
Teste_401 LTDA,luiz.hillebrande1505@gmail.com
Teste_402 LTDA,luiz.hillebrande1505@gmail.com
Teste_403 LTDA,luiz.hillebrande1505@gmail.com
Teste_404 LTDA,luiz.hillebrande1505@gmail.com
Teste_405 LTDA,luiz.hillebrande1505@gmail.com
Teste_406 LTDA,luiz.hillebrande1505@gmail.com
Teste_407 LTDA,luiz.hillebrande1505@gmail.com
Teste_408 LTDA,luiz.hillebrande1505@gmail.com
Teste_409 LTDA,luiz.hillebrande1505@gmail.com
Teste_410 LTDA,luiz.hillebrande1505@gmail.com
Teste_411 LTDA,luiz.hillebrande1505@gmail.com
Teste_412 LTDA,luiz.hillebrande1505@gmail.com
Teste_413 LTDA,luiz.hillebrande1505@gmail.com
Teste_414 LTDA,luiz.hillebrande1505@gmail.com
Teste_415 LTDA,luiz.hillebrande1505@gmail.com
Teste_416 LTDA,luiz.hillebrande1505@gmail.com
Teste_417 LTDA,luiz.hillebrande1505@gmail.com
Teste_418 LTDA,luiz.hillebrande1505@gmail.com
Teste_419 LTDA,luiz.hillebrande1505@gmail.com
Teste_420 LTDA,luiz.hillebrande1505@gmail.com
Teste_421 LTDA,luiz.hillebrande1505@gmail.com
Teste_422 LTDA,luiz.hillebrande1505@gmail.com
Teste_423 LTDA,luiz.hillebrande1505@gmail.com
Teste_424 LTDA,luiz.hillebrande1505@gmail.com
Teste_425 LTDA,luiz.hillebrande1505@gmail.com
Teste_426 LTDA,luiz.hillebrande1505@gmail.com
Teste_427 LTDA,luiz.hillebrande1505@gmail.com
Teste_428 LTDA,luiz.hillebrande1505@gmail.com
Teste_429 LTDA,luiz.hillebrande1505@gmail.com
Teste_430 LTDA,luiz.hillebrande1505@gmail.com
Teste_431 LTDA,luiz.hillebrande1505@gmail.com
Teste_432 LTDA,luiz.hillebrande1505@gmail.com
Teste_433 LTDA,luiz.hillebrande1505@gmail.com
Teste_434 LTDA,luiz.hillebrande1505@gmail.com
Teste_435 LTDA,luiz.hillebrande1505@gmail.com
Teste_436 LTDA,luiz.hillebrande1505@gmail.com
Teste_437 LTDA,luiz.hillebrande1505@gmail.com
Teste_438 LTDA,luiz.hillebrande1505@gmail.com
Teste_439 LTDA,luiz.hillebrande1505@gmail.com
Teste_440 LTDA,luiz.hillebrande1505@gmail.com
Teste_441 LTDA,luiz.hillebrande1505@gmail.com
Teste_442 LTDA,luiz.hillebrande1505@gmail.com
Teste_443 LTDA,luiz.hillebrande1505@gmail.com
Teste_444 LTDA,luiz.hillebrande1505@gmail.com
Teste_445 LTDA,luiz.hillebrande1505@gmail.com
Teste_446 LTDA,luiz.hillebrande1505@gmail.com
Teste_447 LTDA,luiz.hillebrande1505@gmail.com
Teste_448 LTDA,luiz.hillebrande1505@gmail.com
Teste_449 LTDA,luiz.hillebrande1505@gmail.com
Teste_450 LTDA,luiz.hillebrande1505@gmail.com
Teste_451 LTDA,luiz.hillebrande1505@gmail.com
Teste_452 LTDA,luiz.hillebrande1505@gmail.com
Teste_453 LTDA,luiz.hillebrande1505@gmail.com
Teste_454 LTDA,luiz.hillebrande1505@gmail.com
Teste_455 LTDA,luiz.hillebrande1505@gmail.com
Teste_456 LTDA,luiz.hillebrande1505@gmail.com
Teste_457 LTDA,luiz.hillebrande1505@gmail.com
Teste_458 LTDA,luiz.hillebrande1505@gmail.com
Teste_459 LTDA,luiz.hillebrande1505@gmail.com
Teste_460 LTDA,luiz.hillebrande1505@gmail.com
Teste_461 LTDA,luiz.hillebrande1505@gmail.com
Teste_462 LTDA,luiz.hillebrande1505@gmail.com
Teste_463 LTDA,luiz.hillebrande1505@gmail.com
Teste_464 LTDA,luiz.hillebrande1505@gmail.com
Teste_465 LTDA,luiz.hillebrande1505@gmail.com
Teste_466 LTDA,luiz.hillebrande1505@gmail.com
Teste_467 LTDA,luiz.hillebrande1505@gmail.com
Teste_468 LTDA,luiz.hillebrande1505@gmail.com
Teste_469 LTDA,luiz.hillebrande1505@gmail.com
Teste_470 LTDA,luiz.hillebrande1505@gmail.com
Teste_471 LTDA,luiz.hillebrande1505@gmail.com
Teste_472 LTDA,luiz.hillebrande1505@gmail.com
Teste_473 LTDA,luiz.hillebrande1505@gmail.com
Teste_474 LTDA,luiz.hillebrande1505@gmail.com
Teste_475 LTDA,luiz.hillebrande1505@gmail.com
Teste_476 LTDA,luiz.hillebrande1505@gmail.com
Teste_477 LTDA,luiz.hillebrande1505@gmail.com
Teste_478 LTDA,luiz.hillebrande1505@gmail.com
Teste_479 LTDA,luiz.hillebrande1505@gmail.com
Teste_480 LTDA,luiz.hillebrande1505@gmail.com
Teste_481 LTDA,luiz.hillebrande1505@gmail.com
Teste_482 LTDA,luiz.hillebrande1505@gmail.com
Teste_483 LTDA,luiz.hillebrande1505@gmail.com
Teste_484 LTDA,luiz.hillebrande1505@gmail.com
Teste_485 LTDA,luiz.hillebrande1505@gmail.com
Teste_486 LTDA,luiz.hillebrande1505@gmail.com
Teste_487 LTDA,luiz.hillebrande1505@gmail.com
Teste_488 LTDA,luiz.hillebrande1505@gmail.com
Teste_489 LTDA,luiz.hillebrande1505@gmail.com
Teste_490 LTDA,luiz.hillebrande1505@gmail.com
Teste_491 LTDA,luiz.hillebrande1505@gmail.com
Teste_492 LTDA,luiz.hillebrande1505@gmail.com
Teste_493 LTDA,luiz.hillebrande1505@gmail.com
Teste_494 LTDA,luiz.hillebrande1505@gmail.com
Teste_495 LTDA,luiz.hillebrande1505@gmail.com
Teste_496 LTDA,luiz.hillebrande1505@gmail.com
Teste_497 LTDA,luiz.hillebrande1505@gmail.com
Teste_498 LTDA,luiz.hillebrande1505@gmail.com
Teste_499 LTDA,luiz.hillebrande1505@gmail.com
Teste_500 LTDA,luiz.hillebrande1505@gmail.com
Teste_501 LTDA,luiz.hillebrande1505@gmail.com
Teste_502 LTDA,luiz.hillebrande1505@gmail.com
Teste_503 LTDA,luiz.hillebrande1505@gmail.com
Teste_504 LTDA,luiz.hillebrande1505@gmail.com
Teste_505 LTDA,luiz.hillebrande1505@gmail.com
Teste_506 LTDA,luiz.hillebrande1505@gmail.com
Teste_507 LTDA,luiz.hillebrande1505@gmail.com
Teste_508 LTDA,luiz.hillebrande1505@gmail.com
Teste_509 LTDA,luiz.hillebrande1505@gmail.com
Teste_510 LTDA,luiz.hillebrande1505@gmail.com
Teste_511 LTDA,luiz.hillebrande1505@gmail.com
Teste_512 LTDA,luiz.hillebrande1505@gmail.com
Teste_513 LTDA,luiz.hillebrande1505@gmail.com
Teste_514 LTDA,luiz.hillebrande1505@gmail.com
Teste_515 LTDA,luiz.hillebrande1505@gmail.com
Teste_516 LTDA,luiz.hillebrande1505@gmail.com
Teste_517 LTDA,luiz.hillebrande1505@gmail.com
Teste_518 LTDA,luiz.hillebrande1505@gmail.com
Teste_519 LTDA,luiz.hillebrande1505@gmail.com
Teste_520 LTDA,luiz.hillebrande1505@gmail.com
Teste_521 LTDA,luiz.hillebrande1505@gmail.com
Teste_522 LTDA,luiz.hillebrande1505@gmail.com
Teste_523 LTDA,luiz.hillebrande1505@gmail.com
Teste_524 LTDA,luiz.hillebrande1505@gmail.com
Teste_525 LTDA,luiz.hillebrande1505@gmail.com
Teste_526 LTDA,luiz.hillebrande1505@gmail.com
Teste_527 LTDA,luiz.hillebrande1505@gmail.com
Teste_528 LTDA,luiz.hillebrande1505@gmail.com
Teste_529 LTDA,luiz.hillebrande1505@gmail.com
Teste_530 LTDA,luiz.hillebrande1505@gmail.com
Teste_531 LTDA,luiz.hillebrande1505@gmail.com
Teste_532 LTDA,luiz.hillebrande1505@gmail.com
Teste_533 LTDA,luiz.hillebrande1505@gmail.com
Teste_534 LTDA,luiz.hillebrande1505@gmail.com
Teste_535 LTDA,luiz.hillebrande1505@gmail.com
Teste_536 LTDA,luiz.hillebrande1505@gmail.com
Teste_537 LTDA,luiz.hillebrande1505@gmail.com
Teste_538 LTDA,luiz.hillebrande1505@gmail.com
Teste_539 LTDA,luiz.hillebrande1505@gmail.com
Teste_540 LTDA,luiz.hillebrande1505@gmail.com
Teste_541 LTDA,luiz.hillebrande1505@gmail.com
Teste_542 LTDA,luiz.hillebrande1505@gmail.com
Teste_543 LTDA,luiz.hillebrande1505@gmail.com
Teste_544 LTDA,luiz.hillebrande1505@gmail.com
Teste_545 LTDA,luiz.hillebrande1505@gmail.com
Teste_546 LTDA,luiz.hillebrande1505@gmail.com
Teste_547 LTDA,luiz.hillebrande1505@gmail.com
Teste_548 LTDA,luiz.hillebrande1505@gmail.com
Teste_549 LTDA,luiz.hillebrande1505@gmail.com
Teste_550 LTDA,luiz.hillebrande1505@gmail.com
Teste_551 LTDA,luiz.hillebrande1505@gmail.com
Teste_552 LTDA,luiz.hillebrande1505@gmail.com
Teste_553 LTDA,luiz.hillebrande1505@gmail.com
Teste_554 LTDA,luiz.hillebrande1505@gmail.com
Teste_555 LTDA,luiz.hillebrande1505@gmail.com
Teste_556 LTDA,luiz.hillebrande1505@gmail.com
Teste_557 LTDA,luiz.hillebrande1505@gmail.com
Teste_558 LTDA,luiz.hillebrande1505@gmail.com
Teste_559 LTDA,luiz.hillebrande1505@gmail.com
Teste_560 LTDA,luiz.hillebrande1505@gmail.com
Teste_561 LTDA,luiz.hillebrande1505@gmail.com
Teste_562 LTDA,luiz.hillebrande1505@gmail.com
Teste_563 LTDA,luiz.hillebrande1505@gmail.com
Teste_564 LTDA,luiz.hillebrande1505@gmail.com
Teste_565 LTDA,luiz.hillebrande1505@gmail.com
Teste_566 LTDA,luiz.hillebrande1505@gmail.com
Teste_567 LTDA,luiz.hillebrande1505@gmail.com
Teste_568 LTDA,luiz.hillebrande1505@gmail.com
Teste_569 LTDA,luiz.hillebrande1505@gmail.com
Teste_570 LTDA,luiz.hillebrande1505@gmail.com
Teste_571 LTDA,luiz.hillebrande1505@gmail.com
Teste_572 LTDA,luiz.hillebrande1505@gmail.com
Teste_573 LTDA,luiz.hillebrande1505@gmail.com
Teste_574 LTDA,luiz.hillebrande1505@gmail.com
Teste_575 LTDA,luiz.hillebrande1505@gmail.com
Teste_576 LTDA,luiz.hillebrande1505@gmail.com
Teste_577 LTDA,luiz.hillebrande1505@gmail.com
Teste_578 LTDA,luiz.hillebrande1505@gmail.com
Teste_579 LTDA,luiz.hillebrande1505@gmail.com
Teste_580 LTDA,luiz.hillebrande1505@gmail.com
Teste_581 LTDA,luiz.hillebrande1505@gmail.com
Teste_582 LTDA,luiz.hillebrande1505@gmail.com
Teste_583 LTDA,luiz.hillebrande1505@gmail.com
Teste_584 LTDA,luiz.hillebrande1505@gmail.com
Teste_585 LTDA,luiz.hillebrande1505@gmail.com
Teste_586 LTDA,luiz.hillebrande1505@gmail.com
Teste_587 LTDA,luiz.hillebrande1505@gmail.com
Teste_588 LTDA,luiz.hillebrande1505@gmail.com
Teste_589 LTDA,luiz.hillebrande1505@gmail.com
Teste_590 LTDA,luiz.hillebrande1505@gmail.com
Teste_591 LTDA,luiz.hillebrande1505@gmail.com
Teste_592 LTDA,luiz.hillebrande1505@gmail.com
Teste_593 LTDA,luiz.hillebrande1505@gmail.com
Teste_594 LTDA,luiz.hillebrande1505@gmail.com
Teste_595 LTDA,luiz.hillebrande1505@gmail.com
Teste_596 LTDA,luiz.hillebrande1505@gmail.com
Teste_597 LTDA,luiz.hillebrande1505@gmail.com
Teste_598 LTDA,luiz.hillebrande1505@gmail.com
Teste_599 LTDA,luiz.hillebrande1505@gmail.com
Teste_600 LTDA,luiz.hillebrande1505@gmail.com
Teste_601 LTDA,luiz.hillebrande1505@gmail.com
Teste_602 LTDA,luiz.hillebrande1505@gmail.com
Teste_603 LTDA,luiz.hillebrande1505@gmail.com
Teste_604 LTDA,luiz.hillebrande1505@gmail.com
Teste_605 LTDA,luiz.hillebrande1505@gmail.com
Teste_606 LTDA,luiz.hillebrande1505@gmail.com
Teste_607 LTDA,luiz.hillebrande1505@gmail.com
Teste_608 LTDA,luiz.hillebrande1505@gmail.com
Teste_609 LTDA,luiz.hillebrande1505@gmail.com
Teste_610 LTDA,luiz.hillebrande1505@gmail.com
Teste_611 LTDA,luiz.hillebrande1505@gmail.com
Teste_612 LTDA,luiz.hillebrande1505@gmail.com
Teste_613 LTDA,luiz.hillebrande1505@gmail.com
Teste_614 LTDA,luiz.hillebrande1505@gmail.com
Teste_615 LTDA,luiz.hillebrande1505@gmail.com
Teste_616 LTDA,luiz.hillebrande1505@gmail.com
Teste_617 LTDA,luiz.hillebrande1505@gmail.com
Teste_618 LTDA,luiz.hillebrande1505@gmail.com
Teste_619 LTDA,luiz.hillebrande1505@gmail.com
Teste_620 LTDA,luiz.hillebrande1505@gmail.com
Teste_621 LTDA,luiz.hillebrande1505@gmail.com
Teste_622 LTDA,luiz.hillebrande1505@gmail.com
Teste_623 LTDA,luiz.hillebrande1505@gmail.com
Teste_624 LTDA,luiz.hillebrande1505@gmail.com
Teste_625 LTDA,luiz.hillebrande1505@gmail.com
Teste_626 LTDA,luiz.hillebrande1505@gmail.com
Teste_627 LTDA,luiz.hillebrande1505@gmail.com
Teste_628 LTDA,luiz.hillebrande1505@gmail.com
Teste_629 LTDA,luiz.hillebrande1505@gmail.com
Teste_630 LTDA,luiz.hillebrande1505@gmail.com
Teste_631 LTDA,luiz.hillebrande1505@gmail.com
Teste_632 LTDA,luiz.hillebrande1505@gmail.com
Teste_633 LTDA,luiz.hillebrande1505@gmail.com
Teste_634 LTDA,luiz.hillebrande1505@gmail.com
Teste_635 LTDA,luiz.hillebrande1505@gmail.com
Teste_636 LTDA,luiz.hillebrande1505@gmail.com
Teste_637 LTDA,luiz.hillebrande1505@gmail.com
Teste_638 LTDA,luiz.hillebrande1505@gmail.com
Teste_639 LTDA,luiz.hillebrande1505@gmail.com
Teste_640 LTDA,luiz.hillebrande1505@gmail.com
Teste_641 LTDA,luiz.hillebrande1505@gmail.com
Teste_642 LTDA,luiz.hillebrande1505@gmail.com
Teste_643 LTDA,luiz.hillebrande1505@gmail.com
Teste_644 LTDA,luiz.hillebrande1505@gmail.com
Teste_645 LTDA,luiz.hillebrande1505@gmail.com
Teste_646 LTDA,luiz.hillebrande1505@gmail.com
Teste_647 LTDA,luiz.hillebrande1505@gmail.com
Teste_648 LTDA,luiz.hillebrande1505@gmail.com
Teste_649 LTDA,luiz.hillebrande1505@gmail.com
Teste_650 LTDA,luiz.hillebrande1505@gmail.com
Teste_651 LTDA,luiz.hillebrande1505@gmail.com
Teste_652 LTDA,luiz.hillebrande1505@gmail.com
Teste_653 LTDA,luiz.hillebrande1505@gmail.com
Teste_654 LTDA,luiz.hillebrande1505@gmail.com
Teste_655 LTDA,luiz.hillebrande1505@gmail.com
Teste_656 LTDA,luiz.hillebrande1505@gmail.com
Teste_657 LTDA,luiz.hillebrande1505@gmail.com
Teste_658 LTDA,luiz.hillebrande1505@gmail.com
Teste_659 LTDA,luiz.hillebrande1505@gmail.com
Teste_660 LTDA,luiz.hillebrande1505@gmail.com
Teste_661 LTDA,luiz.hillebrande1505@gmail.com
Teste_662 LTDA,luiz.hillebrande1505@gmail.com
Teste_663 LTDA,luiz.hillebrande1505@gmail.com
Teste_664 LTDA,luiz.hillebrande1505@gmail.com
Teste_665 LTDA,luiz.hillebrande1505@gmail.com
Teste_666 LTDA,luiz.hillebrande1505@gmail.com
Teste_667 LTDA,luiz.hillebrande1505@gmail.com
Teste_668 LTDA,luiz.hillebrande1505@gmail.com
Teste_669 LTDA,luiz.hillebrande1505@gmail.com
Teste_670 LTDA,luiz.hillebrande1505@gmail.com
Teste_671 LTDA,luiz.hillebrande1505@gmail.com
Teste_672 LTDA,luiz.hillebrande1505@gmail.com
Teste_673 LTDA,luiz.hillebrande1505@gmail.com
Teste_674 LTDA,luiz.hillebrande1505@gmail.com
Teste_675 LTDA,luiz.hillebrande1505@gmail.com
Teste_676 LTDA,luiz.hillebrande1505@gmail.com
Teste_677 LTDA,luiz.hillebrande1505@gmail.com
Teste_678 LTDA,luiz.hillebrande1505@gmail.com
Teste_679 LTDA,luiz.hillebrande1505@gmail.com
Teste_680 LTDA,luiz.hillebrande1505@gmail.com
Teste_681 LTDA,luiz.hillebrande1505@gmail.com
Teste_682 LTDA,luiz.hillebrande1505@gmail.com
Teste_683 LTDA,luiz.hillebrande1505@gmail.com
Teste_684 LTDA,luiz.hillebrande1505@gmail.com
Teste_685 LTDA,luiz.hillebrande1505@gmail.com
Teste_686 LTDA,luiz.hillebrande1505@gmail.com
Teste_687 LTDA,luiz.hillebrande1505@gmail.com
Teste_688 LTDA,luiz.hillebrande1505@gmail.com
Teste_689 LTDA,luiz.hillebrande1505@gmail.com
Teste_690 LTDA,luiz.hillebrande1505@gmail.com
Teste_691 LTDA,luiz.hillebrande1505@gmail.com
Teste_692 LTDA,luiz.hillebrande1505@gmail.com
Teste_693 LTDA,luiz.hillebrande1505@gmail.com
Teste_694 LTDA,luiz.hillebrande1505@gmail.com
Teste_695 LTDA,luiz.hillebrande1505@gmail.com
Teste_696 LTDA,luiz.hillebrande1505@gmail.com
Teste_697 LTDA,luiz.hillebrande1505@gmail.com
Teste_698 LTDA,luiz.hillebrande1505@gmail.com
Teste_699 LTDA,luiz.hillebrande1505@gmail.com
Teste_700 LTDA,luiz.hillebrande1505@gmail.com
Teste_701 LTDA,luiz.hillebrande1505@gmail.com
Teste_702 LTDA,luiz.hillebrande1505@gmail.com
Teste_703 LTDA,luiz.hillebrande1505@gmail.com
Teste_704 LTDA,luiz.hillebrande1505@gmail.com
Teste_705 LTDA,luiz.hillebrande1505@gmail.com
Teste_706 LTDA,luiz.hillebrande1505@gmail.com
Teste_707 LTDA,luiz.hillebrande1505@gmail.com
Teste_708 LTDA,luiz.hillebrande1505@gmail.com
Teste_709 LTDA,luiz.hillebrande1505@gmail.com
Teste_710 LTDA,luiz.hillebrande1505@gmail.com
Teste_711 LTDA,luiz.hillebrande1505@gmail.com
Teste_712 LTDA,luiz.hillebrande1505@gmail.com
Teste_713 LTDA,luiz.hillebrande1505@gmail.com
Teste_714 LTDA,luiz.hillebrande1505@gmail.com
Teste_715 LTDA,luiz.hillebrande1505@gmail.com
Teste_716 LTDA,luiz.hillebrande1505@gmail.com
Teste_717 LTDA,luiz.hillebrande1505@gmail.com
Teste_718 LTDA,luiz.hillebrande1505@gmail.com
Teste_719 LTDA,luiz.hillebrande1505@gmail.com
Teste_720 LTDA,luiz.hillebrande1505@gmail.com
Teste_721 LTDA,luiz.hillebrande1505@gmail.com
Teste_722 LTDA,luiz.hillebrande1505@gmail.com
Teste_723 LTDA,luiz.hillebrande1505@gmail.com
Teste_724 LTDA,luiz.hillebrande1505@gmail.com
Teste_725 LTDA,luiz.hillebrande1505@gmail.com
Teste_726 LTDA,luiz.hillebrande1505@gmail.com
Teste_727 LTDA,luiz.hillebrande1505@gmail.com
Teste_728 LTDA,luiz.hillebrande1505@gmail.com
Teste_729 LTDA,luiz.hillebrande1505@gmail.com
Teste_730 LTDA,luiz.hillebrande1505@gmail.com
Teste_731 LTDA,luiz.hillebrande1505@gmail.com
Teste_732 LTDA,luiz.hillebrande1505@gmail.com
Teste_733 LTDA,luiz.hillebrande1505@gmail.com
Teste_734 LTDA,luiz.hillebrande1505@gmail.com
Teste_735 LTDA,luiz.hillebrande1505@gmail.com
Teste_736 LTDA,luiz.hillebrande1505@gmail.com
Teste_737 LTDA,luiz.hillebrande1505@gmail.com
Teste_738 LTDA,luiz.hillebrande1505@gmail.com
Teste_739 LTDA,luiz.hillebrande1505@gmail.com
Teste_740 LTDA,luiz.hillebrande1505@gmail.com
Teste_741 LTDA,luiz.hillebrande1505@gmail.com
Teste_742 LTDA,luiz.hillebrande1505@gmail.com
Teste_743 LTDA,luiz.hillebrande1505@gmail.com
Teste_744 LTDA,luiz.hillebrande1505@gmail.com
Teste_745 LTDA,luiz.hillebrande1505@gmail.com
Teste_746 LTDA,luiz.hillebrande1505@gmail.com
Teste_747 LTDA,luiz.hillebrande1505@gmail.com
Teste_748 LTDA,luiz.hillebrande1505@gmail.com
Teste_749 LTDA,luiz.hillebrande1505@gmail.com
Teste_750 LTDA,luiz.hillebrande1505@gmail.com
Teste_751 LTDA,luiz.hillebrande1505@gmail.com
Teste_752 LTDA,luiz.hillebrande1505@gmail.com
Teste_753 LTDA,luiz.hillebrande1505@gmail.com
Teste_754 LTDA,luiz.hillebrande1505@gmail.com
Teste_755 LTDA,luiz.hillebrande1505@gmail.com
Teste_756 LTDA,luiz.hillebrande1505@gmail.com
Teste_757 LTDA,luiz.hillebrande1505@gmail.com
Teste_758 LTDA,luiz.hillebrande1505@gmail.com
Teste_759 LTDA,luiz.hillebrande1505@gmail.com
Teste_760 LTDA,luiz.hillebrande1505@gmail.com
Teste_761 LTDA,luiz.hillebrande1505@gmail.com
Teste_762 LTDA,luiz.hillebrande1505@gmail.com
Teste_763 LTDA,luiz.hillebrande1505@gmail.com
Teste_764 LTDA,luiz.hillebrande1505@gmail.com
Teste_765 LTDA,luiz.hillebrande1505@gmail.com
Teste_766 LTDA,luiz.hillebrande1505@gmail.com
Teste_767 LTDA,luiz.hillebrande1505@gmail.com
Teste_768 LTDA,luiz.hillebrande1505@gmail.com
Teste_769 LTDA,luiz.hillebrande1505@gmail.com
Teste_770 LTDA,luiz.hillebrande1505@gmail.com
Teste_771 LTDA,luiz.hillebrande1505@gmail.com
Teste_772 LTDA,luiz.hillebrande1505@gmail.com
Teste_773 LTDA,luiz.hillebrande1505@gmail.com
Teste_774 LTDA,luiz.hillebrande1505@gmail.com
Teste_775 LTDA,luiz.hillebrande1505@gmail.com
Teste_776 LTDA,luiz.hillebrande1505@gmail.com
Teste_777 LTDA,luiz.hillebrande1505@gmail.com
Teste_778 LTDA,luiz.hillebrande1505@gmail.com
Teste_779 LTDA,luiz.hillebrande1505@gmail.com
Teste_780 LTDA,luiz.hillebrande1505@gmail.com
Teste_781 LTDA,luiz.hillebrande1505@gmail.com
Teste_782 LTDA,luiz.hillebrande1505@gmail.com
Teste_783 LTDA,luiz.hillebrande1505@gmail.com
Teste_784 LTDA,luiz.hillebrande1505@gmail.com
Teste_785 LTDA,luiz.hillebrande1505@gmail.com
Teste_786 LTDA,luiz.hillebrande1505@gmail.com
Teste_787 LTDA,luiz.hillebrande1505@gmail.com
Teste_788 LTDA,luiz.hillebrande1505@gmail.com
Teste_789 LTDA,luiz.hillebrande1505@gmail.com
Teste_790 LTDA,luiz.hillebrande1505@gmail.com
Teste_791 LTDA,luiz.hillebrande1505@gmail.com
Teste_792 LTDA,luiz.hillebrande1505@gmail.com
Teste_793 LTDA,luiz.hillebrande1505@gmail.com
Teste_794 LTDA,luiz.hillebrande1505@gmail.com
Teste_795 LTDA,luiz.hillebrande1505@gmail.com
Teste_796 LTDA,luiz.hillebrande1505@gmail.com
Teste_797 LTDA,luiz.hillebrande1505@gmail.com
Teste_798 LTDA,luiz.hillebrande1505@gmail.com
Teste_799 LTDA,luiz.hillebrande1505@gmail.com
Teste_800 LTDA,luiz.hillebrande1505@gmail.com
Teste_801 LTDA,luiz.hillebrande1505@gmail.com
Teste_802 LTDA,luiz.hillebrande1505@gmail.com
Teste_803 LTDA,luiz.hillebrande1505@gmail.com
Teste_804 LTDA,luiz.hillebrande1505@gmail.com
Teste_805 LTDA,luiz.hillebrande1505@gmail.com
Teste_806 LTDA,luiz.hillebrande1505@gmail.com
Teste_807 LTDA,luiz.hillebrande1505@gmail.com
Teste_808 LTDA,luiz.hillebrande1505@gmail.com
Teste_809 LTDA,luiz.hillebrande1505@gmail.com
Teste_810 LTDA,luiz.hillebrande1505@gmail.com
Teste_811 LTDA,luiz.hillebrande1505@gmail.com
Teste_812 LTDA,luiz.hillebrande1505@gmail.com
Teste_813 LTDA,luiz.hillebrande1505@gmail.com
Teste_814 LTDA,luiz.hillebrande1505@gmail.com
Teste_815 LTDA,luiz.hillebrande1505@gmail.com
Teste_816 LTDA,luiz.hillebrande1505@gmail.com
Teste_817 LTDA,luiz.hillebrande1505@gmail.com
Teste_818 LTDA,luiz.hillebrande1505@gmail.com
Teste_819 LTDA,luiz.hillebrande1505@gmail.com
Teste_820 LTDA,luiz.hillebrande1505@gmail.com
Teste_821 LTDA,luiz.hillebrande1505@gmail.com
Teste_822 LTDA,luiz.hillebrande1505@gmail.com
Teste_823 LTDA,luiz.hillebrande1505@gmail.com
Teste_824 LTDA,luiz.hillebrande1505@gmail.com
Teste_825 LTDA,luiz.hillebrande1505@gmail.com
Teste_826 LTDA,luiz.hillebrande1505@gmail.com
Teste_827 LTDA,luiz.hillebrande1505@gmail.com
Teste_828 LTDA,luiz.hillebrande1505@gmail.com
Teste_829 LTDA,luiz.hillebrande1505@gmail.com
Teste_830 LTDA,luiz.hillebrande1505@gmail.com
Teste_831 LTDA,luiz.hillebrande1505@gmail.com
Teste_832 LTDA,luiz.hillebrande1505@gmail.com
Teste_833 LTDA,luiz.hillebrande1505@gmail.com
Teste_834 LTDA,luiz.hillebrande1505@gmail.com
Teste_835 LTDA,luiz.hillebrande1505@gmail.com
Teste_836 LTDA,luiz.hillebrande1505@gmail.com
Teste_837 LTDA,luiz.hillebrande1505@gmail.com
Teste_838 LTDA,luiz.hillebrande1505@gmail.com
Teste_839 LTDA,luiz.hillebrande1505@gmail.com
Teste_840 LTDA,luiz.hillebrande1505@gmail.com
Teste_841 LTDA,luiz.hillebrande1505@gmail.com
Teste_842 LTDA,luiz.hillebrande1505@gmail.com
Teste_843 LTDA,luiz.hillebrande1505@gmail.com
Teste_844 LTDA,luiz.hillebrande1505@gmail.com
Teste_845 LTDA,luiz.hillebrande1505@gmail.com
Teste_846 LTDA,luiz.hillebrande1505@gmail.com
Teste_847 LTDA,luiz.hillebrande1505@gmail.com
Teste_848 LTDA,luiz.hillebrande1505@gmail.com
Teste_849 LTDA,luiz.hillebrande1505@gmail.com
Teste_850 LTDA,luiz.hillebrande1505@gmail.com
Teste_851 LTDA,luiz.hillebrande1505@gmail.com
Teste_852 LTDA,luiz.hillebrande1505@gmail.com
Teste_853 LTDA,luiz.hillebrande1505@gmail.com
Teste_854 LTDA,luiz.hillebrande1505@gmail.com
Teste_855 LTDA,luiz.hillebrande1505@gmail.com
Teste_856 LTDA,luiz.hillebrande1505@gmail.com
Teste_857 LTDA,luiz.hillebrande1505@gmail.com
Teste_858 LTDA,luiz.hillebrande1505@gmail.com
Teste_859 LTDA,luiz.hillebrande1505@gmail.com
Teste_860 LTDA,luiz.hillebrande1505@gmail.com
Teste_861 LTDA,luiz.hillebrande1505@gmail.com
Teste_862 LTDA,luiz.hillebrande1505@gmail.com
Teste_863 LTDA,luiz.hillebrande1505@gmail.com
Teste_864 LTDA,luiz.hillebrande1505@gmail.com
Teste_865 LTDA,luiz.hillebrande1505@gmail.com
Teste_866 LTDA,luiz.hillebrande1505@gmail.com
Teste_867 LTDA,luiz.hillebrande1505@gmail.com
Teste_868 LTDA,luiz.hillebrande1505@gmail.com
Teste_869 LTDA,luiz.hillebrande1505@gmail.com
Teste_870 LTDA,luiz.hillebrande1505@gmail.com
Teste_871 LTDA,luiz.hillebrande1505@gmail.com
Teste_872 LTDA,luiz.hillebrande1505@gmail.com
Teste_873 LTDA,luiz.hillebrande1505@gmail.com
Teste_874 LTDA,luiz.hillebrande1505@gmail.com
Teste_875 LTDA,luiz.hillebrande1505@gmail.com
Teste_876 LTDA,luiz.hillebrande1505@gmail.com
Teste_877 LTDA,luiz.hillebrande1505@gmail.com
Teste_878 LTDA,luiz.hillebrande1505@gmail.com
Teste_879 LTDA,luiz.hillebrande1505@gmail.com
Teste_880 LTDA,luiz.hillebrande1505@gmail.com
Teste_881 LTDA,luiz.hillebrande1505@gmail.com
Teste_882 LTDA,luiz.hillebrande1505@gmail.com
Teste_883 LTDA,luiz.hillebrande1505@gmail.com
Teste_884 LTDA,luiz.hillebrande1505@gmail.com
Teste_885 LTDA,luiz.hillebrande1505@gmail.com
Teste_886 LTDA,luiz.hillebrande1505@gmail.com
Teste_887 LTDA,luiz.hillebrande1505@gmail.com
Teste_888 LTDA,luiz.hillebrande1505@gmail.com
Teste_889 LTDA,luiz.hillebrande1505@gmail.com
Teste_890 LTDA,luiz.hillebrande1505@gmail.com
Teste_891 LTDA,luiz.hillebrande1505@gmail.com
Teste_892 LTDA,luiz.hillebrande1505@gmail.com
Teste_893 LTDA,luiz.hillebrande1505@gmail.com
Teste_894 LTDA,luiz.hillebrande1505@gmail.com
Teste_895 LTDA,luiz.hillebrande1505@gmail.com
Teste_896 LTDA,luiz.hillebrande1505@gmail.com
Teste_897 LTDA,luiz.hillebrande1505@gmail.com
Teste_898 LTDA,luiz.hillebrande1505@gmail.com
Teste_899 LTDA,luiz.hillebrande1505@gmail.com
Teste_900 LTDA,luiz.hillebrande1505@gmail.com
Teste_901 LTDA,luiz.hillebrande1505@gmail.com
Teste_902 LTDA,luiz.hillebrande1505@gmail.com
Teste_903 LTDA,luiz.hillebrande1505@gmail.com
Teste_904 LTDA,luiz.hillebrande1505@gmail.com
Teste_905 LTDA,luiz.hillebrande1505@gmail.com
Teste_906 LTDA,luiz.hillebrande1505@gmail.com
Teste_907 LTDA,luiz.hillebrande1505@gmail.com
Teste_908 LTDA,luiz.hillebrande1505@gmail.com
Teste_909 LTDA,luiz.hillebrande1505@gmail.com
Teste_910 LTDA,luiz.hillebrande1505@gmail.com
Teste_911 LTDA,luiz.hillebrande1505@gmail.com
Teste_912 LTDA,luiz.hillebrande1505@gmail.com
Teste_913 LTDA,luiz.hillebrande1505@gmail.com
Teste_914 LTDA,luiz.hillebrande1505@gmail.com
Teste_915 LTDA,luiz.hillebrande1505@gmail.com
Teste_916 LTDA,luiz.hillebrande1505@gmail.com
Teste_917 LTDA,luiz.hillebrande1505@gmail.com
Teste_918 LTDA,luiz.hillebrande1505@gmail.com
Teste_919 LTDA,luiz.hillebrande1505@gmail.com
Teste_920 LTDA,luiz.hillebrande1505@gmail.com
Teste_921 LTDA,luiz.hillebrande1505@gmail.com
Teste_922 LTDA,luiz.hillebrande1505@gmail.com
Teste_923 LTDA,luiz.hillebrande1505@gmail.com
Teste_924 LTDA,luiz.hillebrande1505@gmail.com
Teste_925 LTDA,luiz.hillebrande1505@gmail.com
Teste_926 LTDA,luiz.hillebrande1505@gmail.com
Teste_927 LTDA,luiz.hillebrande1505@gmail.com
Teste_928 LTDA,luiz.hillebrande1505@gmail.com
Teste_929 LTDA,luiz.hillebrande1505@gmail.com
Teste_930 LTDA,luiz.hillebrande1505@gmail.com
Teste_931 LTDA,luiz.hillebrande1505@gmail.com
Teste_932 LTDA,luiz.hillebrande1505@gmail.com
Teste_933 LTDA,luiz.hillebrande1505@gmail.com
Teste_934 LTDA,luiz.hillebrande1505@gmail.com
Teste_935 LTDA,luiz.hillebrande1505@gmail.com
Teste_936 LTDA,luiz.hillebrande1505@gmail.com
Teste_937 LTDA,luiz.hillebrande1505@gmail.com
Teste_938 LTDA,luiz.hillebrande1505@gmail.com
Teste_939 LTDA,luiz.hillebrande1505@gmail.com
Teste_940 LTDA,luiz.hillebrande1505@gmail.com
Teste_941 LTDA,luiz.hillebrande1505@gmail.com
Teste_942 LTDA,luiz.hillebrande1505@gmail.com
Teste_943 LTDA,luiz.hillebrande1505@gmail.com
Teste_944 LTDA,luiz.hillebrande1505@gmail.com
Teste_945 LTDA,luiz.hillebrande1505@gmail.com
Teste_946 LTDA,luiz.hillebrande1505@gmail.com
Teste_947 LTDA,luiz.hillebrande1505@gmail.com
Teste_948 LTDA,luiz.hillebrande1505@gmail.com
Teste_949 LTDA,luiz.hillebrande1505@gmail.com
Teste_950 LTDA,luiz.hillebrande1505@gmail.com
Teste_951 LTDA,luiz.hillebrande1505@gmail.com
Teste_952 LTDA,luiz.hillebrande1505@gmail.com
Teste_953 LTDA,luiz.hillebrande1505@gmail.com
Teste_954 LTDA,luiz.hillebrande1505@gmail.com
Teste_955 LTDA,luiz.hillebrande1505@gmail.com
Teste_956 LTDA,luiz.hillebrande1505@gmail.com
Teste_957 LTDA,luiz.hillebrande1505@gmail.com
Teste_958 LTDA,luiz.hillebrande1505@gmail.com
Teste_959 LTDA,luiz.hillebrande1505@gmail.com
Teste_960 LTDA,luiz.hillebrande1505@gmail.com
Teste_961 LTDA,luiz.hillebrande1505@gmail.com
Teste_962 LTDA,luiz.hillebrande1505@gmail.com
Teste_963 LTDA,luiz.hillebrande1505@gmail.com
Teste_964 LTDA,luiz.hillebrande1505@gmail.com
Teste_965 LTDA,luiz.hillebrande1505@gmail.com
Teste_966 LTDA,luiz.hillebrande1505@gmail.com
Teste_967 LTDA,luiz.hillebrande1505@gmail.com
Teste_968 LTDA,luiz.hillebrande1505@gmail.com
Teste_969 LTDA,luiz.hillebrande1505@gmail.com
Teste_970 LTDA,luiz.hillebrande1505@gmail.com
Teste_971 LTDA,luiz.hillebrande1505@gmail.com
Teste_972 LTDA,luiz.hillebrande1505@gmail.com
Teste_973 LTDA,luiz.hillebrande1505@gmail.com
Teste_974 LTDA,luiz.hillebrande1505@gmail.com
Teste_975 LTDA,luiz.hillebrande1505@gmail.com
Teste_976 LTDA,luiz.hillebrande1505@gmail.com
Teste_977 LTDA,luiz.hillebrande1505@gmail.com
Teste_978 LTDA,luiz.hillebrande1505@gmail.com
Teste_979 LTDA,luiz.hillebrande1505@gmail.com
Teste_980 LTDA,luiz.hillebrande1505@gmail.com
Teste_981 LTDA,luiz.hillebrande1505@gmail.com
Teste_982 LTDA,luiz.hillebrande1505@gmail.com
Teste_983 LTDA,luiz.hillebrande1505@gmail.com
Teste_984 LTDA,luiz.hillebrande1505@gmail.com
Teste_985 LTDA,luiz.hillebrande1505@gmail.com
Teste_986 LTDA,luiz.hillebrande1505@gmail.com
Teste_987 LTDA,luiz.hillebrande1505@gmail.com
Teste_988 LTDA,luiz.hillebrande1505@gmail.com
Teste_989 LTDA,luiz.hillebrande1505@gmail.com
Teste_990 LTDA,luiz.hillebrande1505@gmail.com
Teste_991 LTDA,luiz.hillebrande1505@gmail.com
Teste_992 LTDA,luiz.hillebrande1505@gmail.com
Teste_993 LTDA,luiz.hillebrande1505@gmail.com
Teste_994 LTDA,luiz.hillebrande1505@gmail.com
Teste_995 LTDA,luiz.hillebrande1505@gmail.com
Teste_996 LTDA,luiz.hillebrande1505@gmail.com
Teste_997 LTDA,luiz.hillebrande1505@gmail.com
Teste_998 LTDA,luiz.hillebrande1505@gmail.com
Teste_999 LTDA,luiz.hillebrande1505@gmail.com
Teste_1000 LTDA,luiz.hillebrande1505@gmail.com
Teste_1001 LTDA,luiz.hillebrande1505@gmail.com
Teste_1002 LTDA,luiz.hillebrande1505@gmail.com
Teste_1003 LTDA,luiz.hillebrande1505@gmail.com
Teste_1004 LTDA,luiz.hillebrande1505@gmail.com
Teste_1005 LTDA,luiz.hillebrande1505@gmail.com
Teste_1006 LTDA,luiz.hillebrande1505@gmail.com
Teste_1007 LTDA,luiz.hillebrande1505@gmail.com
Teste_1008 LTDA,luiz.hillebrande1505@gmail.com
Teste_1009 LTDA,luiz.hillebrande1505@gmail.com
Teste_1010 LTDA,luiz.hillebrande1505@gmail.com
Teste_1011 LTDA,luiz.hillebrande1505@gmail.com
Teste_1012 LTDA,luiz.hillebrande1505@gmail.com
Teste_1013 LTDA,luiz.hillebrande1505@gmail.com
Teste_1014 LTDA,luiz.hillebrande1505@gmail.com
Teste_1015 LTDA,luiz.hillebrande1505@gmail.com
Teste_1016 LTDA,luiz.hillebrande1505@gmail.com
Teste_1017 LTDA,luiz.hillebrande1505@gmail.com
Teste_1018 LTDA,luiz.hillebrande1505@gmail.com
Teste_1019 LTDA,luiz.hillebrande1505@gmail.com
Teste_1020 LTDA,luiz.hillebrande1505@gmail.com
Teste_1021 LTDA,luiz.hillebrande1505@gmail.com
Teste_1022 LTDA,luiz.hillebrande1505@gmail.com
Teste_1023 LTDA,luiz.hillebrande1505@gmail.com
Teste_1024 LTDA,luiz.hillebrande1505@gmail.com
Teste_1025 LTDA,luiz.hillebrande1505@gmail.com
Teste_1026 LTDA,luiz.hillebrande1505@gmail.com
Teste_1027 LTDA,luiz.hillebrande1505@gmail.com
Teste_1028 LTDA,luiz.hillebrande1505@gmail.com
Teste_1029 LTDA,luiz.hillebrande1505@gmail.com
Teste_1030 LTDA,luiz.hillebrande1505@gmail.com
Teste_1031 LTDA,luiz.hillebrande1505@gmail.com
Teste_1032 LTDA,luiz.hillebrande1505@gmail.com
Teste_1033 LTDA,luiz.hillebrande1505@gmail.com
Teste_1034 LTDA,luiz.hillebrande1505@gmail.com
Teste_1035 LTDA,luiz.hillebrande1505@gmail.com
Teste_1036 LTDA,luiz.hillebrande1505@gmail.com
Teste_1037 LTDA,luiz.hillebrande1505@gmail.com
Teste_1038 LTDA,luiz.hillebrande1505@gmail.com
Teste_1039 LTDA,luiz.hillebrande1505@gmail.com
Teste_1040 LTDA,luiz.hillebrande1505@gmail.com
Teste_1041 LTDA,luiz.hillebrande1505@gmail.com
Teste_1042 LTDA,luiz.hillebrande1505@gmail.com
Teste_1043 LTDA,luiz.hillebrande1505@gmail.com
Teste_1044 LTDA,luiz.hillebrande1505@gmail.com
Teste_1045 LTDA,luiz.hillebrande1505@gmail.com
Teste_1046 LTDA,luiz.hillebrande1505@gmail.com
Teste_1047 LTDA,luiz.hillebrande1505@gmail.com
Teste_1048 LTDA,luiz.hillebrande1505@gmail.com
Teste_1049 LTDA,luiz.hillebrande1505@gmail.com
Teste_1050 LTDA,luiz.hillebrande1505@gmail.com
Teste_1051 LTDA,luiz.hillebrande1505@gmail.com
Teste_1052 LTDA,luiz.hillebrande1505@gmail.com
Teste_1053 LTDA,luiz.hillebrande1505@gmail.com
Teste_1054 LTDA,luiz.hillebrande1505@gmail.com
Teste_1055 LTDA,luiz.hillebrande1505@gmail.com
Teste_1056 LTDA,luiz.hillebrande1505@gmail.com
Teste_1057 LTDA,luiz.hillebrande1505@gmail.com
Teste_1058 LTDA,luiz.hillebrande1505@gmail.com
Teste_1059 LTDA,luiz.hillebrande1505@gmail.com
Teste_1060 LTDA,luiz.hillebrande1505@gmail.com
Teste_1061 LTDA,luiz.hillebrande1505@gmail.com
Teste_1062 LTDA,luiz.hillebrande1505@gmail.com
Teste_1063 LTDA,luiz.hillebrande1505@gmail.com
Teste_1064 LTDA,luiz.hillebrande1505@gmail.com
Teste_1065 LTDA,luiz.hillebrande1505@gmail.com
Teste_1066 LTDA,luiz.hillebrande1505@gmail.com
Teste_1067 LTDA,luiz.hillebrande1505@gmail.com
Teste_1068 LTDA,luiz.hillebrande1505@gmail.com
Teste_1069 LTDA,luiz.hillebrande1505@gmail.com
Teste_1070 LTDA,luiz.hillebrande1505@gmail.com
Teste_1071 LTDA,luiz.hillebrande1505@gmail.com
Teste_1072 LTDA,luiz.hillebrande1505@gmail.com
Teste_1073 LTDA,luiz.hillebrande1505@gmail.com
Teste_1074 LTDA,luiz.hillebrande1505@gmail.com
Teste_1075 LTDA,luiz.hillebrande1505@gmail.com
Teste_1076 LTDA,luiz.hillebrande1505@gmail.com
Teste_1077 LTDA,luiz.hillebrande1505@gmail.com
Teste_1078 LTDA,luiz.hillebrande1505@gmail.com
Teste_1079 LTDA,luiz.hillebrande1505@gmail.com
Teste_1080 LTDA,luiz.hillebrande1505@gmail.com
Teste_1081 LTDA,luiz.hillebrande1505@gmail.com
Teste_1082 LTDA,luiz.hillebrande1505@gmail.com
Teste_1083 LTDA,luiz.hillebrande1505@gmail.com
Teste_1084 LTDA,luiz.hillebrande1505@gmail.com
Teste_1085 LTDA,luiz.hillebrande1505@gmail.com
Teste_1086 LTDA,luiz.hillebrande1505@gmail.com
Teste_1087 LTDA,luiz.hillebrande1505@gmail.com
Teste_1088 LTDA,luiz.hillebrande1505@gmail.com
Teste_1089 LTDA,luiz.hillebrande1505@gmail.com
Teste_1090 LTDA,luiz.hillebrande1505@gmail.com
Teste_1091 LTDA,luiz.hillebrande1505@gmail.com
Teste_1092 LTDA,luiz.hillebrande1505@gmail.com
Teste_1093 LTDA,luiz.hillebrande1505@gmail.com
Teste_1094 LTDA,luiz.hillebrande1505@gmail.com
Teste_1095 LTDA,luiz.hillebrande1505@gmail.com
Teste_1096 LTDA,luiz.hillebrande1505@gmail.com
Teste_1097 LTDA,luiz.hillebrande1505@gmail.com
Teste_1098 LTDA,luiz.hillebrande1505@gmail.com
Teste_1099 LTDA,luiz.hillebrande1505@gmail.com
Teste_1100 LTDA,luiz.hillebrande1505@gmail.com
Teste_1101 LTDA,luiz.hillebrande1505@gmail.com
Teste_1102 LTDA,luiz.hillebrande1505@gmail.com
Teste_1103 LTDA,luiz.hillebrande1505@gmail.com
Teste_1104 LTDA,luiz.hillebrande1505@gmail.com
Teste_1105 LTDA,luiz.hillebrande1505@gmail.com
Teste_1106 LTDA,luiz.hillebrande1505@gmail.com
Teste_1107 LTDA,luiz.hillebrande1505@gmail.com
Teste_1108 LTDA,luiz.hillebrande1505@gmail.com
Teste_1109 LTDA,luiz.hillebrande1505@gmail.com
Teste_1110 LTDA,luiz.hillebrande1505@gmail.com
Teste_1111 LTDA,luiz.hillebrande1505@gmail.com
Teste_1112 LTDA,luiz.hillebrande1505@gmail.com
Teste_1113 LTDA,luiz.hillebrande1505@gmail.com
Teste_1114 LTDA,luiz.hillebrande1505@gmail.com
Teste_1115 LTDA,luiz.hillebrande1505@gmail.com
Teste_1116 LTDA,luiz.hillebrande1505@gmail.com
Teste_1117 LTDA,luiz.hillebrande1505@gmail.com
Teste_1118 LTDA,luiz.hillebrande1505@gmail.com
Teste_1119 LTDA,luiz.hillebrande1505@gmail.com
Teste_1120 LTDA,luiz.hillebrande1505@gmail.com
Teste_1121 LTDA,luiz.hillebrande1505@gmail.com
Teste_1122 LTDA,luiz.hillebrande1505@gmail.com
Teste_1123 LTDA,luiz.hillebrande1505@gmail.com
Teste_1124 LTDA,luiz.hillebrande1505@gmail.com
Teste_1125 LTDA,luiz.hillebrande1505@gmail.com
Teste_1126 LTDA,luiz.hillebrande1505@gmail.com
Teste_1127 LTDA,luiz.hillebrande1505@gmail.com
Teste_1128 LTDA,luiz.hillebrande1505@gmail.com
Teste_1129 LTDA,luiz.hillebrande1505@gmail.com
Teste_1130 LTDA,luiz.hillebrande1505@gmail.com
Teste_1131 LTDA,luiz.hillebrande1505@gmail.com
Teste_1132 LTDA,luiz.hillebrande1505@gmail.com
Teste_1133 LTDA,luiz.hillebrande1505@gmail.com
Teste_1134 LTDA,luiz.hillebrande1505@gmail.com
Teste_1135 LTDA,luiz.hillebrande1505@gmail.com
Teste_1136 LTDA,luiz.hillebrande1505@gmail.com
Teste_1137 LTDA,luiz.hillebrande1505@gmail.com
Teste_1138 LTDA,luiz.hillebrande1505@gmail.com
Teste_1139 LTDA,luiz.hillebrande1505@gmail.com
Teste_1140 LTDA,luiz.hillebrande1505@gmail.com
Teste_1141 LTDA,luiz.hillebrande1505@gmail.com
Teste_1142 LTDA,luiz.hillebrande1505@gmail.com
Teste_1143 LTDA,luiz.hillebrande1505@gmail.com
Teste_1144 LTDA,luiz.hillebrande1505@gmail.com
Teste_1145 LTDA,luiz.hillebrande1505@gmail.com
Teste_1146 LTDA,luiz.hillebrande1505@gmail.com
Teste_1147 LTDA,luiz.hillebrande1505@gmail.com
Teste_1148 LTDA,luiz.hillebrande1505@gmail.com
Teste_1149 LTDA,luiz.hillebrande1505@gmail.com
Teste_1150 LTDA,luiz.hillebrande1505@gmail.com
Teste_1151 LTDA,luiz.hillebrande1505@gmail.com
Teste_1152 LTDA,luiz.hillebrande1505@gmail.com
Teste_1153 LTDA,luiz.hillebrande1505@gmail.com
Teste_1154 LTDA,luiz.hillebrande1505@gmail.com
Teste_1155 LTDA,luiz.hillebrande1505@gmail.com
Teste_1156 LTDA,luiz.hillebrande1505@gmail.com
Teste_1157 LTDA,luiz.hillebrande1505@gmail.com
Teste_1158 LTDA,luiz.hillebrande1505@gmail.com
Teste_1159 LTDA,luiz.hillebrande1505@gmail.com
Teste_1160 LTDA,luiz.hillebrande1505@gmail.com
Teste_1161 LTDA,luiz.hillebrande1505@gmail.com
Teste_1162 LTDA,luiz.hillebrande1505@gmail.com
Teste_1163 LTDA,luiz.hillebrande1505@gmail.com
Teste_1164 LTDA,luiz.hillebrande1505@gmail.com
Teste_1165 LTDA,luiz.hillebrande1505@gmail.com
Teste_1166 LTDA,luiz.hillebrande1505@gmail.com
Teste_1167 LTDA,luiz.hillebrande1505@gmail.com
Teste_1168 LTDA,luiz.hillebrande1505@gmail.com
Teste_1169 LTDA,luiz.hillebrande1505@gmail.com
Teste_1170 LTDA,luiz.hillebrande1505@gmail.com
Teste_1171 LTDA,luiz.hillebrande1505@gmail.com
Teste_1172 LTDA,luiz.hillebrande1505@gmail.com
Teste_1173 LTDA,luiz.hillebrande1505@gmail.com
Teste_1174 LTDA,luiz.hillebrande1505@gmail.com
Teste_1175 LTDA,luiz.hillebrande1505@gmail.com
Teste_1176 LTDA,luiz.hillebrande1505@gmail.com
Teste_1177 LTDA,luiz.hillebrande1505@gmail.com
Teste_1178 LTDA,luiz.hillebrande1505@gmail.com
Teste_1179 LTDA,luiz.hillebrande1505@gmail.com
Teste_1180 LTDA,luiz.hillebrande1505@gmail.com
Teste_1181 LTDA,luiz.hillebrande1505@gmail.com
Teste_1182 LTDA,luiz.hillebrande1505@gmail.com
Teste_1183 LTDA,luiz.hillebrande1505@gmail.com
Teste_1184 LTDA,luiz.hillebrande1505@gmail.com
Teste_1185 LTDA,luiz.hillebrande1505@gmail.com
Teste_1186 LTDA,luiz.hillebrande1505@gmail.com
Teste_1187 LTDA,luiz.hillebrande1505@gmail.com
Teste_1188 LTDA,luiz.hillebrande1505@gmail.com
Teste_1189 LTDA,luiz.hillebrande1505@gmail.com
Teste_1190 LTDA,luiz.hillebrande1505@gmail.com
Teste_1191 LTDA,luiz.hillebrande1505@gmail.com
Teste_1192 LTDA,luiz.hillebrande1505@gmail.com
Teste_1193 LTDA,luiz.hillebrande1505@gmail.com
Teste_1194 LTDA,luiz.hillebrande1505@gmail.com
Teste_1195 LTDA,luiz.hillebrande1505@gmail.com
Teste_1196 LTDA,luiz.hillebrande1505@gmail.com
Teste_1197 LTDA,luiz.hillebrande1505@gmail.com
Teste_1198 LTDA,luiz.hillebrande1505@gmail.com
Teste_1199 LTDA,luiz.hillebrande1505@gmail.com
Teste_1200 LTDA,luiz.hillebrande1505@gmail.com
Teste_1201 LTDA,luiz.hillebrande1505@gmail.com
Teste_1202 LTDA,luiz.hillebrande1505@gmail.com
Teste_1203 LTDA,luiz.hillebrande1505@gmail.com
Teste_1204 LTDA,luiz.hillebrande1505@gmail.com
Teste_1205 LTDA,luiz.hillebrande1505@gmail.com
Teste_1206 LTDA,luiz.hillebrande1505@gmail.com
Teste_1207 LTDA,luiz.hillebrande1505@gmail.com
Teste_1208 LTDA,luiz.hillebrande1505@gmail.com
Teste_1209 LTDA,luiz.hillebrande1505@gmail.com
Teste_1210 LTDA,luiz.hillebrande1505@gmail.com
Teste_1211 LTDA,luiz.hillebrande1505@gmail.com
Teste_1212 LTDA,luiz.hillebrande1505@gmail.com
Teste_1213 LTDA,luiz.hillebrande1505@gmail.com
Teste_1214 LTDA,luiz.hillebrande1505@gmail.com
Teste_1215 LTDA,luiz.hillebrande1505@gmail.com
Teste_1216 LTDA,luiz.hillebrande1505@gmail.com
Teste_1217 LTDA,luiz.hillebrande1505@gmail.com
Teste_1218 LTDA,luiz.hillebrande1505@gmail.com
Teste_1219 LTDA,luiz.hillebrande1505@gmail.com
Teste_1220 LTDA,luiz.hillebrande1505@gmail.com
Teste_1221 LTDA,luiz.hillebrande1505@gmail.com
Teste_1222 LTDA,luiz.hillebrande1505@gmail.com
Teste_1223 LTDA,luiz.hillebrande1505@gmail.com
Teste_1224 LTDA,luiz.hillebrande1505@gmail.com
Teste_1225 LTDA,luiz.hillebrande1505@gmail.com
Teste_1226 LTDA,luiz.hillebrande1505@gmail.com
Teste_1227 LTDA,luiz.hillebrande1505@gmail.com
Teste_1228 LTDA,luiz.hillebrande1505@gmail.com
Teste_1229 LTDA,luiz.hillebrande1505@gmail.com
Teste_1230 LTDA,luiz.hillebrande1505@gmail.com
Teste_1231 LTDA,luiz.hillebrande1505@gmail.com
Teste_1232 LTDA,luiz.hillebrande1505@gmail.com
Teste_1233 LTDA,luiz.hillebrande1505@gmail.com
Teste_1234 LTDA,luiz.hillebrande1505@gmail.com
Teste_1235 LTDA,luiz.hillebrande1505@gmail.com
Teste_1236 LTDA,luiz.hillebrande1505@gmail.com
Teste_1237 LTDA,luiz.hillebrande1505@gmail.com
Teste_1238 LTDA,luiz.hillebrande1505@gmail.com
Teste_1239 LTDA,luiz.hillebrande1505@gmail.com
Teste_1240 LTDA,luiz.hillebrande1505@gmail.com
Teste_1241 LTDA,luiz.hillebrande1505@gmail.com
Teste_1242 LTDA,luiz.hillebrande1505@gmail.com
Teste_1243 LTDA,luiz.hillebrande1505@gmail.com
Teste_1244 LTDA,luiz.hillebrande1505@gmail.com
Teste_1245 LTDA,luiz.hillebrande1505@gmail.com
Teste_1246 LTDA,luiz.hillebrande1505@gmail.com
Teste_1247 LTDA,luiz.hillebrande1505@gmail.com
Teste_1248 LTDA,luiz.hillebrande1505@gmail.com
Teste_1249 LTDA,luiz.hillebrande1505@gmail.com
Teste_1250 LTDA,luiz.hillebrande1505@gmail.com
Teste_1251 LTDA,luiz.hillebrande1505@gmail.com
Teste_1252 LTDA,luiz.hillebrande1505@gmail.com
Teste_1253 LTDA,luiz.hillebrande1505@gmail.com
Teste_1254 LTDA,luiz.hillebrande1505@gmail.com
Teste_1255 LTDA,luiz.hillebrande1505@gmail.com
Teste_1256 LTDA,luiz.hillebrande1505@gmail.com
Teste_1257 LTDA,luiz.hillebrande1505@gmail.com
Teste_1258 LTDA,luiz.hillebrande1505@gmail.com
Teste_1259 LTDA,luiz.hillebrande1505@gmail.com
Teste_1260 LTDA,luiz.hillebrande1505@gmail.com
Teste_1261 LTDA,luiz.hillebrande1505@gmail.com
Teste_1262 LTDA,luiz.hillebrande1505@gmail.com
Teste_1263 LTDA,luiz.hillebrande1505@gmail.com
Teste_1264 LTDA,luiz.hillebrande1505@gmail.com
Teste_1265 LTDA,luiz.hillebrande1505@gmail.com
Teste_1266 LTDA,luiz.hillebrande1505@gmail.com
Teste_1267 LTDA,luiz.hillebrande1505@gmail.com
Teste_1268 LTDA,luiz.hillebrande1505@gmail.com
Teste_1269 LTDA,luiz.hillebrande1505@gmail.com
Teste_1270 LTDA,luiz.hillebrande1505@gmail.com
Teste_1271 LTDA,luiz.hillebrande1505@gmail.com
Teste_1272 LTDA,luiz.hillebrande1505@gmail.com
Teste_1273 LTDA,luiz.hillebrande1505@gmail.com
Teste_1274 LTDA,luiz.hillebrande1505@gmail.com
Teste_1275 LTDA,luiz.hillebrande1505@gmail.com
Teste_1276 LTDA,luiz.hillebrande1505@gmail.com
Teste_1277 LTDA,luiz.hillebrande1505@gmail.com
Teste_1278 LTDA,luiz.hillebrande1505@gmail.com
Teste_1279 LTDA,luiz.hillebrande1505@gmail.com
Teste_1280 LTDA,luiz.hillebrande1505@gmail.com
Teste_1281 LTDA,luiz.hillebrande1505@gmail.com
Teste_1282 LTDA,luiz.hillebrande1505@gmail.com
Teste_1283 LTDA,luiz.hillebrande1505@gmail.com
Teste_1284 LTDA,luiz.hillebrande1505@gmail.com
Teste_1285 LTDA,luiz.hillebrande1505@gmail.com
Teste_1286 LTDA,luiz.hillebrande1505@gmail.com
Teste_1287 LTDA,luiz.hillebrande1505@gmail.com
Teste_1288 LTDA,luiz.hillebrande1505@gmail.com
Teste_1289 LTDA,luiz.hillebrande1505@gmail.com
Teste_1290 LTDA,luiz.hillebrande1505@gmail.com
Teste_1291 LTDA,luiz.hillebrande1505@gmail.com
Teste_1292 LTDA,luiz.hillebrande1505@gmail.com
Teste_1293 LTDA,luiz.hillebrande1505@gmail.com
Teste_1294 LTDA,luiz.hillebrande1505@gmail.com
Teste_1295 LTDA,luiz.hillebrande1505@gmail.com
Teste_1296 LTDA,luiz.hillebrande1505@gmail.com
Teste_1297 LTDA,luiz.hillebrande1505@gmail.com
Teste_1298 LTDA,luiz.hillebrande1505@gmail.com
Teste_1299 LTDA,luiz.hillebrande1505@gmail.com
Teste_1300 LTDA,luiz.hillebrande1505@gmail.com
Teste_1301 LTDA,luiz.hillebrande1505@gmail.com
Teste_1302 LTDA,luiz.hillebrande1505@gmail.com
Teste_1303 LTDA,luiz.hillebrande1505@gmail.com
Teste_1304 LTDA,luiz.hillebrande1505@gmail.com
Teste_1305 LTDA,luiz.hillebrande1505@gmail.com
Teste_1306 LTDA,luiz.hillebrande1505@gmail.com
Teste_1307 LTDA,luiz.hillebrande1505@gmail.com
Teste_1308 LTDA,luiz.hillebrande1505@gmail.com
Teste_1309 LTDA,luiz.hillebrande1505@gmail.com
Teste_1310 LTDA,luiz.hillebrande1505@gmail.com
Teste_1311 LTDA,luiz.hillebrande1505@gmail.com
Teste_1312 LTDA,luiz.hillebrande1505@gmail.com
Teste_1313 LTDA,luiz.hillebrande1505@gmail.com
Teste_1314 LTDA,luiz.hillebrande1505@gmail.com
Teste_1315 LTDA,luiz.hillebrande1505@gmail.com
Teste_1316 LTDA,luiz.hillebrande1505@gmail.com
Teste_1317 LTDA,luiz.hillebrande1505@gmail.com
Teste_1318 LTDA,luiz.hillebrande1505@gmail.com
Teste_1319 LTDA,luiz.hillebrande1505@gmail.com
Teste_1320 LTDA,luiz.hillebrande1505@gmail.com
Teste_1321 LTDA,luiz.hillebrande1505@gmail.com
Teste_1322 LTDA,luiz.hillebrande1505@gmail.com
Teste_1323 LTDA,luiz.hillebrande1505@gmail.com
Teste_1324 LTDA,luiz.hillebrande1505@gmail.com
Teste_1325 LTDA,luiz.hillebrande1505@gmail.com
Teste_1326 LTDA,luiz.hillebrande1505@gmail.com
Teste_1327 LTDA,luiz.hillebrande1505@gmail.com
Teste_1328 LTDA,luiz.hillebrande1505@gmail.com
Teste_1329 LTDA,luiz.hillebrande1505@gmail.com
Teste_1330 LTDA,luiz.hillebrande1505@gmail.com
Teste_1331 LTDA,luiz.hillebrande1505@gmail.com
Teste_1332 LTDA,luiz.hillebrande1505@gmail.com
Teste_1333 LTDA,luiz.hillebrande1505@gmail.com
Teste_1334 LTDA,luiz.hillebrande1505@gmail.com
Teste_1335 LTDA,luiz.hillebrande1505@gmail.com
Teste_1336 LTDA,luiz.hillebrande1505@gmail.com
Teste_1337 LTDA,luiz.hillebrande1505@gmail.com
Teste_1338 LTDA,luiz.hillebrande1505@gmail.com
Teste_1339 LTDA,luiz.hillebrande1505@gmail.com
Teste_1340 LTDA,luiz.hillebrande1505@gmail.com
Teste_1341 LTDA,luiz.hillebrande1505@gmail.com
Teste_1342 LTDA,luiz.hillebrande1505@gmail.com
Teste_1343 LTDA,luiz.hillebrande1505@gmail.com
Teste_1344 LTDA,luiz.hillebrande1505@gmail.com
Teste_1345 LTDA,luiz.hillebrande1505@gmail.com
Teste_1346 LTDA,luiz.hillebrande1505@gmail.com
Teste_1347 LTDA,luiz.hillebrande1505@gmail.com
Teste_1348 LTDA,luiz.hillebrande1505@gmail.com
Teste_1349 LTDA,luiz.hillebrande1505@gmail.com
Teste_1350 LTDA,luiz.hillebrande1505@gmail.com
Teste_1351 LTDA,luiz.hillebrande1505@gmail.com
Teste_1352 LTDA,luiz.hillebrande1505@gmail.com
Teste_1353 LTDA,luiz.hillebrande1505@gmail.com
Teste_1354 LTDA,luiz.hillebrande1505@gmail.com
Teste_1355 LTDA,luiz.hillebrande1505@gmail.com
Teste_1356 LTDA,luiz.hillebrande1505@gmail.com
Teste_1357 LTDA,luiz.hillebrande1505@gmail.com
Teste_1358 LTDA,luiz.hillebrande1505@gmail.com
Teste_1359 LTDA,luiz.hillebrande1505@gmail.com
Teste_1360 LTDA,luiz.hillebrande1505@gmail.com
Teste_1361 LTDA,luiz.hillebrande1505@gmail.com
Teste_1362 LTDA,luiz.hillebrande1505@gmail.com
Teste_1363 LTDA,luiz.hillebrande1505@gmail.com
Teste_1364 LTDA,luiz.hillebrande1505@gmail.com
Teste_1365 LTDA,luiz.hillebrande1505@gmail.com
Teste_1366 LTDA,luiz.hillebrande1505@gmail.com
Teste_1367 LTDA,luiz.hillebrande1505@gmail.com
Teste_1368 LTDA,luiz.hillebrande1505@gmail.com
Teste_1369 LTDA,luiz.hillebrande1505@gmail.com
Teste_1370 LTDA,luiz.hillebrande1505@gmail.com
Teste_1371 LTDA,luiz.hillebrande1505@gmail.com
Teste_1372 LTDA,luiz.hillebrande1505@gmail.com
Teste_1373 LTDA,luiz.hillebrande1505@gmail.com
Teste_1374 LTDA,luiz.hillebrande1505@gmail.com
Teste_1375 LTDA,luiz.hillebrande1505@gmail.com
Teste_1376 LTDA,luiz.hillebrande1505@gmail.com
Teste_1377 LTDA,luiz.hillebrande1505@gmail.com
Teste_1378 LTDA,luiz.hillebrande1505@gmail.com
Teste_1379 LTDA,luiz.hillebrande1505@gmail.com
Teste_1380 LTDA,luiz.hillebrande1505@gmail.com
Teste_1381 LTDA,luiz.hillebrande1505@gmail.com
Teste_1382 LTDA,luiz.hillebrande1505@gmail.com
Teste_1383 LTDA,luiz.hillebrande1505@gmail.com
Teste_1384 LTDA,luiz.hillebrande1505@gmail.com
Teste_1385 LTDA,luiz.hillebrande1505@gmail.com
Teste_1386 LTDA,luiz.hillebrande1505@gmail.com
Teste_1387 LTDA,luiz.hillebrande1505@gmail.com
Teste_1388 LTDA,luiz.hillebrande1505@gmail.com
Teste_1389 LTDA,luiz.hillebrande1505@gmail.com
Teste_1390 LTDA,luiz.hillebrande1505@gmail.com
Teste_1391 LTDA,luiz.hillebrande1505@gmail.com
Teste_1392 LTDA,luiz.hillebrande1505@gmail.com
Teste_1393 LTDA,luiz.hillebrande1505@gmail.com
Teste_1394 LTDA,luiz.hillebrande1505@gmail.com
Teste_1395 LTDA,luiz.hillebrande1505@gmail.com
Teste_1396 LTDA,luiz.hillebrande1505@gmail.com
Teste_1397 LTDA,luiz.hillebrande1505@gmail.com
Teste_1398 LTDA,luiz.hillebrande1505@gmail.com
Teste_1399 LTDA,luiz.hillebrande1505@gmail.com
Teste_1400 LTDA,luiz.hillebrande1505@gmail.com
Teste_1401 LTDA,luiz.hillebrande1505@gmail.com
Teste_1402 LTDA,luiz.hillebrande1505@gmail.com
Teste_1403 LTDA,luiz.hillebrande1505@gmail.com
Teste_1404 LTDA,luiz.hillebrande1505@gmail.com
Teste_1405 LTDA,luiz.hillebrande1505@gmail.com
Teste_1406 LTDA,luiz.hillebrande1505@gmail.com
Teste_1407 LTDA,luiz.hillebrande1505@gmail.com
Teste_1408 LTDA,luiz.hillebrande1505@gmail.com
Teste_1409 LTDA,luiz.hillebrande1505@gmail.com
Teste_1410 LTDA,luiz.hillebrande1505@gmail.com
Teste_1411 LTDA,luiz.hillebrande1505@gmail.com
Teste_1412 LTDA,luiz.hillebrande1505@gmail.com
Teste_1413 LTDA,luiz.hillebrande1505@gmail.com
Teste_1414 LTDA,luiz.hillebrande1505@gmail.com
Teste_1415 LTDA,luiz.hillebrande1505@gmail.com
Teste_1416 LTDA,luiz.hillebrande1505@gmail.com
Teste_1417 LTDA,luiz.hillebrande1505@gmail.com
Teste_1418 LTDA,luiz.hillebrande1505@gmail.com
Teste_1419 LTDA,luiz.hillebrande1505@gmail.com
Teste_1420 LTDA,luiz.hillebrande1505@gmail.com
Teste_1421 LTDA,luiz.hillebrande1505@gmail.com
Teste_1422 LTDA,luiz.hillebrande1505@gmail.com
Teste_1423 LTDA,luiz.hillebrande1505@gmail.com
Teste_1424 LTDA,luiz.hillebrande1505@gmail.com
Teste_1425 LTDA,luiz.hillebrande1505@gmail.com
Teste_1426 LTDA,luiz.hillebrande1505@gmail.com
Teste_1427 LTDA,luiz.hillebrande1505@gmail.com
Teste_1428 LTDA,luiz.hillebrande1505@gmail.com
Teste_1429 LTDA,luiz.hillebrande1505@gmail.com
Teste_1430 LTDA,luiz.hillebrande1505@gmail.com
Teste_1431 LTDA,luiz.hillebrande1505@gmail.com
Teste_1432 LTDA,luiz.hillebrande1505@gmail.com
Teste_1433 LTDA,luiz.hillebrande1505@gmail.com
Teste_1434 LTDA,luiz.hillebrande1505@gmail.com
Teste_1435 LTDA,luiz.hillebrande1505@gmail.com
Teste_1436 LTDA,luiz.hillebrande1505@gmail.com
Teste_1437 LTDA,luiz.hillebrande1505@gmail.com
Teste_1438 LTDA,luiz.hillebrande1505@gmail.com
Teste_1439 LTDA,luiz.hillebrande1505@gmail.com
Teste_1440 LTDA,luiz.hillebrande1505@gmail.com
Teste_1441 LTDA,luiz.hillebrande1505@gmail.com
Teste_1442 LTDA,luiz.hillebrande1505@gmail.com
Teste_1443 LTDA,luiz.hillebrande1505@gmail.com
Teste_1444 LTDA,luiz.hillebrande1505@gmail.com
Teste_1445 LTDA,luiz.hillebrande1505@gmail.com
Teste_1446 LTDA,luiz.hillebrande1505@gmail.com
Teste_1447 LTDA,luiz.hillebrande1505@gmail.com
Teste_1448 LTDA,luiz.hillebrande1505@gmail.com
Teste_1449 LTDA,luiz.hillebrande1505@gmail.com
Teste_1450 LTDA,luiz.hillebrande1505@gmail.com
Teste_1451 LTDA,luiz.hillebrande1505@gmail.com
Teste_1452 LTDA,luiz.hillebrande1505@gmail.com
Teste_1453 LTDA,luiz.hillebrande1505@gmail.com
Teste_1454 LTDA,luiz.hillebrande1505@gmail.com
Teste_1455 LTDA,luiz.hillebrande1505@gmail.com
Teste_1456 LTDA,luiz.hillebrande1505@gmail.com
Teste_1457 LTDA,luiz.hillebrande1505@gmail.com
Teste_1458 LTDA,luiz.hillebrande1505@gmail.com
Teste_1459 LTDA,luiz.hillebrande1505@gmail.com
Teste_1460 LTDA,luiz.hillebrande1505@gmail.com
Teste_1461 LTDA,luiz.hillebrande1505@gmail.com
Teste_1462 LTDA,luiz.hillebrande1505@gmail.com
Teste_1463 LTDA,luiz.hillebrande1505@gmail.com
Teste_1464 LTDA,luiz.hillebrande1505@gmail.com
Teste_1465 LTDA,luiz.hillebrande1505@gmail.com
Teste_1466 LTDA,luiz.hillebrande1505@gmail.com
Teste_1467 LTDA,luiz.hillebrande1505@gmail.com
Teste_1468 LTDA,luiz.hillebrande1505@gmail.com
Teste_1469 LTDA,luiz.hillebrande1505@gmail.com
Teste_1470 LTDA,luiz.hillebrande1505@gmail.com
Teste_1471 LTDA,luiz.hillebrande1505@gmail.com
Teste_1472 LTDA,luiz.hillebrande1505@gmail.com
Teste_1473 LTDA,luiz.hillebrande1505@gmail.com
Teste_1474 LTDA,luiz.hillebrande1505@gmail.com
Teste_1475 LTDA,luiz.hillebrande1505@gmail.com
Teste_1476 LTDA,luiz.hillebrande1505@gmail.com
Teste_1477 LTDA,luiz.hillebrande1505@gmail.com
Teste_1478 LTDA,luiz.hillebrande1505@gmail.com
Teste_1479 LTDA,luiz.hillebrande1505@gmail.com
Teste_1480 LTDA,luiz.hillebrande1505@gmail.com
Teste_1481 LTDA,luiz.hillebrande1505@gmail.com
Teste_1482 LTDA,luiz.hillebrande1505@gmail.com
Teste_1483 LTDA,luiz.hillebrande1505@gmail.com
Teste_1484 LTDA,luiz.hillebrande1505@gmail.com
Teste_1485 LTDA,luiz.hillebrande1505@gmail.com
Teste_1486 LTDA,luiz.hillebrande1505@gmail.com
Teste_1487 LTDA,luiz.hillebrande1505@gmail.com
Teste_1488 LTDA,luiz.hillebrande1505@gmail.com
Teste_1489 LTDA,luiz.hillebrande1505@gmail.com
Teste_1490 LTDA,luiz.hillebrande1505@gmail.com
Teste_1491 LTDA,luiz.hillebrande1505@gmail.com
Teste_1492 LTDA,luiz.hillebrande1505@gmail.com
Teste_1493 LTDA,luiz.hillebrande1505@gmail.com
Teste_1494 LTDA,luiz.hillebrande1505@gmail.com
Teste_1495 LTDA,luiz.hillebrande1505@gmail.com
Teste_1496 LTDA,luiz.hillebrande1505@gmail.com
Teste_1497 LTDA,luiz.hillebrande1505@gmail.com
Teste_1498 LTDA,luiz.hillebrande1505@gmail.com
Teste_1499 LTDA,luiz.hillebrande1505@gmail.com
Teste_1500 LTDA,luiz.hillebrande1505@gmail.com
Teste_1501 LTDA,luiz.hillebrande1505@gmail.com
Teste_1502 LTDA,luiz.hillebrande1505@gmail.com
Teste_1503 LTDA,luiz.hillebrande1505@gmail.com
Teste_1504 LTDA,luiz.hillebrande1505@gmail.com
Teste_1505 LTDA,luiz.hillebrande1505@gmail.com
Teste_1506 LTDA,luiz.hillebrande1505@gmail.com
Teste_1507 LTDA,luiz.hillebrande1505@gmail.com
Teste_1508 LTDA,luiz.hillebrande1505@gmail.com
Teste_1509 LTDA,luiz.hillebrande1505@gmail.com
Teste_1510 LTDA,luiz.hillebrande1505@gmail.com
Teste_1511 LTDA,luiz.hillebrande1505@gmail.com
Teste_1512 LTDA,luiz.hillebrande1505@gmail.com
Teste_1513 LTDA,luiz.hillebrande1505@gmail.com
Teste_1514 LTDA,luiz.hillebrande1505@gmail.com
Teste_1515 LTDA,luiz.hillebrande1505@gmail.com
Teste_1516 LTDA,luiz.hillebrande1505@gmail.com
Teste_1517 LTDA,luiz.hillebrande1505@gmail.com
Teste_1518 LTDA,luiz.hillebrande1505@gmail.com
Teste_1519 LTDA,luiz.hillebrande1505@gmail.com
Teste_1520 LTDA,luiz.hillebrande1505@gmail.com
Teste_1521 LTDA,luiz.hillebrande1505@gmail.com
Teste_1522 LTDA,luiz.hillebrande1505@gmail.com
Teste_1523 LTDA,luiz.hillebrande1505@gmail.com
Teste_1524 LTDA,luiz.hillebrande1505@gmail.com
Teste_1525 LTDA,luiz.hillebrande1505@gmail.com
Teste_1526 LTDA,luiz.hillebrande1505@gmail.com
Teste_1527 LTDA,luiz.hillebrande1505@gmail.com
Teste_1528 LTDA,luiz.hillebrande1505@gmail.com
Teste_1529 LTDA,luiz.hillebrande1505@gmail.com
Teste_1530 LTDA,luiz.hillebrande1505@gmail.com
Teste_1531 LTDA,luiz.hillebrande1505@gmail.com
Teste_1532 LTDA,luiz.hillebrande1505@gmail.com
Teste_1533 LTDA,luiz.hillebrande1505@gmail.com
Teste_1534 LTDA,luiz.hillebrande1505@gmail.com
Teste_1535 LTDA,luiz.hillebrande1505@gmail.com
Teste_1536 LTDA,luiz.hillebrande1505@gmail.com
Teste_1537 LTDA,luiz.hillebrande1505@gmail.com
Teste_1538 LTDA,luiz.hillebrande1505@gmail.com
Teste_1539 LTDA,luiz.hillebrande1505@gmail.com
Teste_1540 LTDA,luiz.hillebrande1505@gmail.com
Teste_1541 LTDA,luiz.hillebrande1505@gmail.com
Teste_1542 LTDA,luiz.hillebrande1505@gmail.com
Teste_1543 LTDA,luiz.hillebrande1505@gmail.com
Teste_1544 LTDA,luiz.hillebrande1505@gmail.com
Teste_1545 LTDA,luiz.hillebrande1505@gmail.com
Teste_1546 LTDA,luiz.hillebrande1505@gmail.com
Teste_1547 LTDA,luiz.hillebrande1505@gmail.com
Teste_1548 LTDA,luiz.hillebrande1505@gmail.com
Teste_1549 LTDA,luiz.hillebrande1505@gmail.com
Teste_1550 LTDA,luiz.hillebrande1505@gmail.com
Teste_1551 LTDA,luiz.hillebrande1505@gmail.com
Teste_1552 LTDA,luiz.hillebrande1505@gmail.com
Teste_1553 LTDA,luiz.hillebrande1505@gmail.com
Teste_1554 LTDA,luiz.hillebrande1505@gmail.com
Teste_1555 LTDA,luiz.hillebrande1505@gmail.com
Teste_1556 LTDA,luiz.hillebrande1505@gmail.com
Teste_1557 LTDA,luiz.hillebrande1505@gmail.com
Teste_1558 LTDA,luiz.hillebrande1505@gmail.com
Teste_1559 LTDA,luiz.hillebrande1505@gmail.com
Teste_1560 LTDA,luiz.hillebrande1505@gmail.com
Teste_1561 LTDA,luiz.hillebrande1505@gmail.com
Teste_1562 LTDA,luiz.hillebrande1505@gmail.com
Teste_1563 LTDA,luiz.hillebrande1505@gmail.com
Teste_1564 LTDA,luiz.hillebrande1505@gmail.com
Teste_1565 LTDA,luiz.hillebrande1505@gmail.com
Teste_1566 LTDA,luiz.hillebrande1505@gmail.com
Teste_1567 LTDA,luiz.hillebrande1505@gmail.com
Teste_1568 LTDA,luiz.hillebrande1505@gmail.com
Teste_1569 LTDA,luiz.hillebrande1505@gmail.com
Teste_1570 LTDA,luiz.hillebrande1505@gmail.com
Teste_1571 LTDA,luiz.hillebrande1505@gmail.com
Teste_1572 LTDA,luiz.hillebrande1505@gmail.com
Teste_1573 LTDA,luiz.hillebrande1505@gmail.com
Teste_1574 LTDA,luiz.hillebrande1505@gmail.com
Teste_1575 LTDA,luiz.hillebrande1505@gmail.com
Teste_1576 LTDA,luiz.hillebrande1505@gmail.com
Teste_1577 LTDA,luiz.hillebrande1505@gmail.com
Teste_1578 LTDA,luiz.hillebrande1505@gmail.com
Teste_1579 LTDA,luiz.hillebrande1505@gmail.com
Teste_1580 LTDA,luiz.hillebrande1505@gmail.com
Teste_1581 LTDA,luiz.hillebrande1505@gmail.com
Teste_1582 LTDA,luiz.hillebrande1505@gmail.com
Teste_1583 LTDA,luiz.hillebrande1505@gmail.com
Teste_1584 LTDA,luiz.hillebrande1505@gmail.com
Teste_1585 LTDA,luiz.hillebrande1505@gmail.com
Teste_1586 LTDA,luiz.hillebrande1505@gmail.com
Teste_1587 LTDA,luiz.hillebrande1505@gmail.com
Teste_1588 LTDA,luiz.hillebrande1505@gmail.com
Teste_1589 LTDA,luiz.hillebrande1505@gmail.com
Teste_1590 LTDA,luiz.hillebrande1505@gmail.com
Teste_1591 LTDA,luiz.hillebrande1505@gmail.com
Teste_1592 LTDA,luiz.hillebrande1505@gmail.com
Teste_1593 LTDA,luiz.hillebrande1505@gmail.com
Teste_1594 LTDA,luiz.hillebrande1505@gmail.com
Teste_1595 LTDA,luiz.hillebrande1505@gmail.com
Teste_1596 LTDA,luiz.hillebrande1505@gmail.com
Teste_1597 LTDA,luiz.hillebrande1505@gmail.com
Teste_1598 LTDA,luiz.hillebrande1505@gmail.com
Teste_1599 LTDA,luiz.hillebrande1505@gmail.com
Teste_1600 LTDA,luiz.hillebrande1505@gmail.com
Teste_1601 LTDA,luiz.hillebrande1505@gmail.com
Teste_1602 LTDA,luiz.hillebrande1505@gmail.com
Teste_1603 LTDA,luiz.hillebrande1505@gmail.com
Teste_1604 LTDA,luiz.hillebrande1505@gmail.com
Teste_1605 LTDA,luiz.hillebrande1505@gmail.com
Teste_1606 LTDA,luiz.hillebrande1505@gmail.com
Teste_1607 LTDA,luiz.hillebrande1505@gmail.com
Teste_1608 LTDA,luiz.hillebrande1505@gmail.com
Teste_1609 LTDA,luiz.hillebrande1505@gmail.com
Teste_1610 LTDA,luiz.hillebrande1505@gmail.com
Teste_1611 LTDA,luiz.hillebrande1505@gmail.com
Teste_1612 LTDA,luiz.hillebrande1505@gmail.com
Teste_1613 LTDA,luiz.hillebrande1505@gmail.com
Teste_1614 LTDA,luiz.hillebrande1505@gmail.com
Teste_1615 LTDA,luiz.hillebrande1505@gmail.com
Teste_1616 LTDA,luiz.hillebrande1505@gmail.com
Teste_1617 LTDA,luiz.hillebrande1505@gmail.com
Teste_1618 LTDA,luiz.hillebrande1505@gmail.com
Teste_1619 LTDA,luiz.hillebrande1505@gmail.com
Teste_1620 LTDA,luiz.hillebrande1505@gmail.com
Teste_1621 LTDA,luiz.hillebrande1505@gmail.com
Teste_1622 LTDA,luiz.hillebrande1505@gmail.com
Teste_1623 LTDA,luiz.hillebrande1505@gmail.com
Teste_1624 LTDA,luiz.hillebrande1505@gmail.com
Teste_1625 LTDA,luiz.hillebrande1505@gmail.com
Teste_1626 LTDA,luiz.hillebrande1505@gmail.com
Teste_1627 LTDA,luiz.hillebrande1505@gmail.com
Teste_1628 LTDA,luiz.hillebrande1505@gmail.com
Teste_1629 LTDA,luiz.hillebrande1505@gmail.com
Teste_1630 LTDA,luiz.hillebrande1505@gmail.com
Teste_1631 LTDA,luiz.hillebrande1505@gmail.com
Teste_1632 LTDA,luiz.hillebrande1505@gmail.com
Teste_1633 LTDA,luiz.hillebrande1505@gmail.com
Teste_1634 LTDA,luiz.hillebrande1505@gmail.com
Teste_1635 LTDA,luiz.hillebrande1505@gmail.com
Teste_1636 LTDA,luiz.hillebrande1505@gmail.com
Teste_1637 LTDA,luiz.hillebrande1505@gmail.com
Teste_1638 LTDA,luiz.hillebrande1505@gmail.com
Teste_1639 LTDA,luiz.hillebrande1505@gmail.com
Teste_1640 LTDA,luiz.hillebrande1505@gmail.com
Teste_1641 LTDA,luiz.hillebrande1505@gmail.com
Teste_1642 LTDA,luiz.hillebrande1505@gmail.com
Teste_1643 LTDA,luiz.hillebrande1505@gmail.com
Teste_1644 LTDA,luiz.hillebrande1505@gmail.com
Teste_1645 LTDA,luiz.hillebrande1505@gmail.com
Teste_1646 LTDA,luiz.hillebrande1505@gmail.com
Teste_1647 LTDA,luiz.hillebrande1505@gmail.com
Teste_1648 LTDA,luiz.hillebrande1505@gmail.com
Teste_1649 LTDA,luiz.hillebrande1505@gmail.com
Teste_1650 LTDA,luiz.hillebrande1505@gmail.com
Teste_1651 LTDA,luiz.hillebrande1505@gmail.com
Teste_1652 LTDA,luiz.hillebrande1505@gmail.com
Teste_1653 LTDA,luiz.hillebrande1505@gmail.com
Teste_1654 LTDA,luiz.hillebrande1505@gmail.com
Teste_1655 LTDA,luiz.hillebrande1505@gmail.com
Teste_1656 LTDA,luiz.hillebrande1505@gmail.com
Teste_1657 LTDA,luiz.hillebrande1505@gmail.com
Teste_1658 LTDA,luiz.hillebrande1505@gmail.com
Teste_1659 LTDA,luiz.hillebrande1505@gmail.com
Teste_1660 LTDA,luiz.hillebrande1505@gmail.com
Teste_1661 LTDA,luiz.hillebrande1505@gmail.com
Teste_1662 LTDA,luiz.hillebrande1505@gmail.com
Teste_1663 LTDA,luiz.hillebrande1505@gmail.com
Teste_1664 LTDA,luiz.hillebrande1505@gmail.com
Teste_1665 LTDA,luiz.hillebrande1505@gmail.com
Teste_1666 LTDA,luiz.hillebrande1505@gmail.com
Teste_1667 LTDA,luiz.hillebrande1505@gmail.com
Teste_1668 LTDA,luiz.hillebrande1505@gmail.com
Teste_1669 LTDA,luiz.hillebrande1505@gmail.com
Teste_1670 LTDA,luiz.hillebrande1505@gmail.com
Teste_1671 LTDA,luiz.hillebrande1505@gmail.com
Teste_1672 LTDA,luiz.hillebrande1505@gmail.com
Teste_1673 LTDA,luiz.hillebrande1505@gmail.com
Teste_1674 LTDA,luiz.hillebrande1505@gmail.com
Teste_1675 LTDA,luiz.hillebrande1505@gmail.com
Teste_1676 LTDA,luiz.hillebrande1505@gmail.com
Teste_1677 LTDA,luiz.hillebrande1505@gmail.com
Teste_1678 LTDA,luiz.hillebrande1505@gmail.com
Teste_1679 LTDA,luiz.hillebrande1505@gmail.com
Teste_1680 LTDA,luiz.hillebrande1505@gmail.com
Teste_1681 LTDA,luiz.hillebrande1505@gmail.com
Teste_1682 LTDA,luiz.hillebrande1505@gmail.com
Teste_1683 LTDA,luiz.hillebrande1505@gmail.com
Teste_1684 LTDA,luiz.hillebrande1505@gmail.com
Teste_1685 LTDA,luiz.hillebrande1505@gmail.com
Teste_1686 LTDA,luiz.hillebrande1505@gmail.com
Teste_1687 LTDA,luiz.hillebrande1505@gmail.com
Teste_1688 LTDA,luiz.hillebrande1505@gmail.com
Teste_1689 LTDA,luiz.hillebrande1505@gmail.com
Teste_1690 LTDA,luiz.hillebrande1505@gmail.com
Teste_1691 LTDA,luiz.hillebrande1505@gmail.com
Teste_1692 LTDA,luiz.hillebrande1505@gmail.com
Teste_1693 LTDA,luiz.hillebrande1505@gmail.com
Teste_1694 LTDA,luiz.hillebrande1505@gmail.com
Teste_1695 LTDA,luiz.hillebrande1505@gmail.com
Teste_1696 LTDA,luiz.hillebrande1505@gmail.com
Teste_1697 LTDA,luiz.hillebrande1505@gmail.com
Teste_1698 LTDA,luiz.hillebrande1505@gmail.com
Teste_1699 LTDA,luiz.hillebrande1505@gmail.com
Teste_1700 LTDA,luiz.hillebrande1505@gmail.com
Teste_1701 LTDA,luiz.hillebrande1505@gmail.com
Teste_1702 LTDA,luiz.hillebrande1505@gmail.com
Teste_1703 LTDA,luiz.hillebrande1505@gmail.com
Teste_1704 LTDA,luiz.hillebrande1505@gmail.com
Teste_1705 LTDA,luiz.hillebrande1505@gmail.com
Teste_1706 LTDA,luiz.hillebrande1505@gmail.com
Teste_1707 LTDA,luiz.hillebrande1505@gmail.com
Teste_1708 LTDA,luiz.hillebrande1505@gmail.com
Teste_1709 LTDA,luiz.hillebrande1505@gmail.com
Teste_1710 LTDA,luiz.hillebrande1505@gmail.com
Teste_1711 LTDA,luiz.hillebrande1505@gmail.com
Teste_1712 LTDA,luiz.hillebrande1505@gmail.com
Teste_1713 LTDA,luiz.hillebrande1505@gmail.com
Teste_1714 LTDA,luiz.hillebrande1505@gmail.com
Teste_1715 LTDA,luiz.hillebrande1505@gmail.com
Teste_1716 LTDA,luiz.hillebrande1505@gmail.com
Teste_1717 LTDA,luiz.hillebrande1505@gmail.com
Teste_1718 LTDA,luiz.hillebrande1505@gmail.com
Teste_1719 LTDA,luiz.hillebrande1505@gmail.com
Teste_1720 LTDA,luiz.hillebrande1505@gmail.com
Teste_1721 LTDA,luiz.hillebrande1505@gmail.com
Teste_1722 LTDA,luiz.hillebrande1505@gmail.com
Teste_1723 LTDA,luiz.hillebrande1505@gmail.com
Teste_1724 LTDA,luiz.hillebrande1505@gmail.com
Teste_1725 LTDA,luiz.hillebrande1505@gmail.com
Teste_1726 LTDA,luiz.hillebrande1505@gmail.com
Teste_1727 LTDA,luiz.hillebrande1505@gmail.com
Teste_1728 LTDA,luiz.hillebrande1505@gmail.com
Teste_1729 LTDA,luiz.hillebrande1505@gmail.com
Teste_1730 LTDA,luiz.hillebrande1505@gmail.com
Teste_1731 LTDA,luiz.hillebrande1505@gmail.com
Teste_1732 LTDA,luiz.hillebrande1505@gmail.com
Teste_1733 LTDA,luiz.hillebrande1505@gmail.com
Teste_1734 LTDA,luiz.hillebrande1505@gmail.com
Teste_1735 LTDA,luiz.hillebrande1505@gmail.com
Teste_1736 LTDA,luiz.hillebrande1505@gmail.com
Teste_1737 LTDA,luiz.hillebrande1505@gmail.com
Teste_1738 LTDA,luiz.hillebrande1505@gmail.com
Teste_1739 LTDA,luiz.hillebrande1505@gmail.com
Teste_1740 LTDA,luiz.hillebrande1505@gmail.com
Teste_1741 LTDA,luiz.hillebrande1505@gmail.com
Teste_1742 LTDA,luiz.hillebrande1505@gmail.com
Teste_1743 LTDA,luiz.hillebrande1505@gmail.com
Teste_1744 LTDA,luiz.hillebrande1505@gmail.com
Teste_1745 LTDA,luiz.hillebrande1505@gmail.com
Teste_1746 LTDA,luiz.hillebrande1505@gmail.com
Teste_1747 LTDA,luiz.hillebrande1505@gmail.com
Teste_1748 LTDA,luiz.hillebrande1505@gmail.com
Teste_1749 LTDA,luiz.hillebrande1505@gmail.com
Teste_1750 LTDA,luiz.hillebrande1505@gmail.com
Teste_1751 LTDA,luiz.hillebrande1505@gmail.com
Teste_1752 LTDA,luiz.hillebrande1505@gmail.com
Teste_1753 LTDA,luiz.hillebrande1505@gmail.com
Teste_1754 LTDA,luiz.hillebrande1505@gmail.com
Teste_1755 LTDA,luiz.hillebrande1505@gmail.com
Teste_1756 LTDA,luiz.hillebrande1505@gmail.com
Teste_1757 LTDA,luiz.hillebrande1505@gmail.com
Teste_1758 LTDA,luiz.hillebrande1505@gmail.com
Teste_1759 LTDA,luiz.hillebrande1505@gmail.com
Teste_1760 LTDA,luiz.hillebrande1505@gmail.com
Teste_1761 LTDA,luiz.hillebrande1505@gmail.com
Teste_1762 LTDA,luiz.hillebrande1505@gmail.com
Teste_1763 LTDA,luiz.hillebrande1505@gmail.com
Teste_1764 LTDA,luiz.hillebrande1505@gmail.com
Teste_1765 LTDA,luiz.hillebrande1505@gmail.com
Teste_1766 LTDA,luiz.hillebrande1505@gmail.com
Teste_1767 LTDA,luiz.hillebrande1505@gmail.com
Teste_1768 LTDA,luiz.hillebrande1505@gmail.com
Teste_1769 LTDA,luiz.hillebrande1505@gmail.com
Teste_1770 LTDA,luiz.hillebrande1505@gmail.com
Teste_1771 LTDA,luiz.hillebrande1505@gmail.com
Teste_1772 LTDA,luiz.hillebrande1505@gmail.com
Teste_1773 LTDA,luiz.hillebrande1505@gmail.com
Teste_1774 LTDA,luiz.hillebrande1505@gmail.com
Teste_1775 LTDA,luiz.hillebrande1505@gmail.com
Teste_1776 LTDA,luiz.hillebrande1505@gmail.com
Teste_1777 LTDA,luiz.hillebrande1505@gmail.com
Teste_1778 LTDA,luiz.hillebrande1505@gmail.com
Teste_1779 LTDA,luiz.hillebrande1505@gmail.com
Teste_1780 LTDA,luiz.hillebrande1505@gmail.com
Teste_1781 LTDA,luiz.hillebrande1505@gmail.com
Teste_1782 LTDA,luiz.hillebrande1505@gmail.com
Teste_1783 LTDA,luiz.hillebrande1505@gmail.com
Teste_1784 LTDA,luiz.hillebrande1505@gmail.com
Teste_1785 LTDA,luiz.hillebrande1505@gmail.com
Teste_1786 LTDA,luiz.hillebrande1505@gmail.com
Teste_1787 LTDA,luiz.hillebrande1505@gmail.com
Teste_1788 LTDA,luiz.hillebrande1505@gmail.com
Teste_1789 LTDA,luiz.hillebrande1505@gmail.com
Teste_1790 LTDA,luiz.hillebrande1505@gmail.com
Teste_1791 LTDA,luiz.hillebrande1505@gmail.com
Teste_1792 LTDA,luiz.hillebrande1505@gmail.com
Teste_1793 LTDA,luiz.hillebrande1505@gmail.com
Teste_1794 LTDA,luiz.hillebrande1505@gmail.com
Teste_1795 LTDA,luiz.hillebrande1505@gmail.com
Teste_1796 LTDA,luiz.hillebrande1505@gmail.com
Teste_1797 LTDA,luiz.hillebrande1505@gmail.com
Teste_1798 LTDA,luiz.hillebrande1505@gmail.com
Teste_1799 LTDA,luiz.hillebrande1505@gmail.com
Teste_1800 LTDA,luiz.hillebrande1505@gmail.com
Teste_1801 LTDA,luiz.hillebrande1505@gmail.com
Teste_1802 LTDA,luiz.hillebrande1505@gmail.com
Teste_1803 LTDA,luiz.hillebrande1505@gmail.com
Teste_1804 LTDA,luiz.hillebrande1505@gmail.com
Teste_1805 LTDA,luiz.hillebrande1505@gmail.com
Teste_1806 LTDA,luiz.hillebrande1505@gmail.com
Teste_1807 LTDA,luiz.hillebrande1505@gmail.com
Teste_1808 LTDA,luiz.hillebrande1505@gmail.com
Teste_1809 LTDA,luiz.hillebrande1505@gmail.com
Teste_1810 LTDA,luiz.hillebrande1505@gmail.com
Teste_1811 LTDA,luiz.hillebrande1505@gmail.com
Teste_1812 LTDA,luiz.hillebrande1505@gmail.com
Teste_1813 LTDA,luiz.hillebrande1505@gmail.com
Teste_1814 LTDA,luiz.hillebrande1505@gmail.com
Teste_1815 LTDA,luiz.hillebrande1505@gmail.com
Teste_1816 LTDA,luiz.hillebrande1505@gmail.com
Teste_1817 LTDA,luiz.hillebrande1505@gmail.com
Teste_1818 LTDA,luiz.hillebrande1505@gmail.com
Teste_1819 LTDA,luiz.hillebrande1505@gmail.com
Teste_1820 LTDA,luiz.hillebrande1505@gmail.com
Teste_1821 LTDA,luiz.hillebrande1505@gmail.com
Teste_1822 LTDA,luiz.hillebrande1505@gmail.com
Teste_1823 LTDA,luiz.hillebrande1505@gmail.com
Teste_1824 LTDA,luiz.hillebrande1505@gmail.com
Teste_1825 LTDA,luiz.hillebrande1505@gmail.com
Teste_1826 LTDA,luiz.hillebrande1505@gmail.com
Teste_1827 LTDA,luiz.hillebrande1505@gmail.com
Teste_1828 LTDA,luiz.hillebrande1505@gmail.com
Teste_1829 LTDA,luiz.hillebrande1505@gmail.com
Teste_1830 LTDA,luiz.hillebrande1505@gmail.com
Teste_1831 LTDA,luiz.hillebrande1505@gmail.com
Teste_1832 LTDA,luiz.hillebrande1505@gmail.com
Teste_1833 LTDA,luiz.hillebrande1505@gmail.com
Teste_1834 LTDA,luiz.hillebrande1505@gmail.com
Teste_1835 LTDA,luiz.hillebrande1505@gmail.com
Teste_1836 LTDA,luiz.hillebrande1505@gmail.com
Teste_1837 LTDA,luiz.hillebrande1505@gmail.com
Teste_1838 LTDA,luiz.hillebrande1505@gmail.com
Teste_1839 LTDA,luiz.hillebrande1505@gmail.com
Teste_1840 LTDA,luiz.hillebrande1505@gmail.com
Teste_1841 LTDA,luiz.hillebrande1505@gmail.com
Teste_1842 LTDA,luiz.hillebrande1505@gmail.com
Teste_1843 LTDA,luiz.hillebrande1505@gmail.com
Teste_1844 LTDA,luiz.hillebrande1505@gmail.com
Teste_1845 LTDA,luiz.hillebrande1505@gmail.com
Teste_1846 LTDA,luiz.hillebrande1505@gmail.com
Teste_1847 LTDA,luiz.hillebrande1505@gmail.com
Teste_1848 LTDA,luiz.hillebrande1505@gmail.com
Teste_1849 LTDA,luiz.hillebrande1505@gmail.com
Teste_1850 LTDA,luiz.hillebrande1505@gmail.com
Teste_1851 LTDA,luiz.hillebrande1505@gmail.com
Teste_1852 LTDA,luiz.hillebrande1505@gmail.com
Teste_1853 LTDA,luiz.hillebrande1505@gmail.com
Teste_1854 LTDA,luiz.hillebrande1505@gmail.com
Teste_1855 LTDA,luiz.hillebrande1505@gmail.com
Teste_1856 LTDA,luiz.hillebrande1505@gmail.com
Teste_1857 LTDA,luiz.hillebrande1505@gmail.com
Teste_1858 LTDA,luiz.hillebrande1505@gmail.com
Teste_1859 LTDA,luiz.hillebrande1505@gmail.com
Teste_1860 LTDA,luiz.hillebrande1505@gmail.com
Teste_1861 LTDA,luiz.hillebrande1505@gmail.com
Teste_1862 LTDA,luiz.hillebrande1505@gmail.com
Teste_1863 LTDA,luiz.hillebrande1505@gmail.com
Teste_1864 LTDA,luiz.hillebrande1505@gmail.com
Teste_1865 LTDA,luiz.hillebrande1505@gmail.com
Teste_1866 LTDA,luiz.hillebrande1505@gmail.com
Teste_1867 LTDA,luiz.hillebrande1505@gmail.com
Teste_1868 LTDA,luiz.hillebrande1505@gmail.com
Teste_1869 LTDA,luiz.hillebrande1505@gmail.com
Teste_1870 LTDA,luiz.hillebrande1505@gmail.com
Teste_1871 LTDA,luiz.hillebrande1505@gmail.com
Teste_1872 LTDA,luiz.hillebrande1505@gmail.com
Teste_1873 LTDA,luiz.hillebrande1505@gmail.com
Teste_1874 LTDA,luiz.hillebrande1505@gmail.com
Teste_1875 LTDA,luiz.hillebrande1505@gmail.com
Teste_1876 LTDA,luiz.hillebrande1505@gmail.com
Teste_1877 LTDA,luiz.hillebrande1505@gmail.com
Teste_1878 LTDA,luiz.hillebrande1505@gmail.com
Teste_1879 LTDA,luiz.hillebrande1505@gmail.com
Teste_1880 LTDA,luiz.hillebrande1505@gmail.com
Teste_1881 LTDA,luiz.hillebrande1505@gmail.com
Teste_1882 LTDA,luiz.hillebrande1505@gmail.com
Teste_1883 LTDA,luiz.hillebrande1505@gmail.com
Teste_1884 LTDA,luiz.hillebrande1505@gmail.com
Teste_1885 LTDA,luiz.hillebrande1505@gmail.com
Teste_1886 LTDA,luiz.hillebrande1505@gmail.com
Teste_1887 LTDA,luiz.hillebrande1505@gmail.com
Teste_1888 LTDA,luiz.hillebrande1505@gmail.com
Teste_1889 LTDA,luiz.hillebrande1505@gmail.com
Teste_1890 LTDA,luiz.hillebrande1505@gmail.com
Teste_1891 LTDA,luiz.hillebrande1505@gmail.com
Teste_1892 LTDA,luiz.hillebrande1505@gmail.com
Teste_1893 LTDA,luiz.hillebrande1505@gmail.com
Teste_1894 LTDA,luiz.hillebrande1505@gmail.com
Teste_1895 LTDA,luiz.hillebrande1505@gmail.com
Teste_1896 LTDA,luiz.hillebrande1505@gmail.com
Teste_1897 LTDA,luiz.hillebrande1505@gmail.com
Teste_1898 LTDA,luiz.hillebrande1505@gmail.com
Teste_1899 LTDA,luiz.hillebrande1505@gmail.com
Teste_1900 LTDA,luiz.hillebrande1505@gmail.com
Teste_1901 LTDA,luiz.hillebrande1505@gmail.com
Teste_1902 LTDA,luiz.hillebrande1505@gmail.com
Teste_1903 LTDA,luiz.hillebrande1505@gmail.com
Teste_1904 LTDA,luiz.hillebrande1505@gmail.com
Teste_1905 LTDA,luiz.hillebrande1505@gmail.com
Teste_1906 LTDA,luiz.hillebrande1505@gmail.com
Teste_1907 LTDA,luiz.hillebrande1505@gmail.com
Teste_1908 LTDA,luiz.hillebrande1505@gmail.com
Teste_1909 LTDA,luiz.hillebrande1505@gmail.com
Teste_1910 LTDA,luiz.hillebrande1505@gmail.com
Teste_1911 LTDA,luiz.hillebrande1505@gmail.com
Teste_1912 LTDA,luiz.hillebrande1505@gmail.com
Teste_1913 LTDA,luiz.hillebrande1505@gmail.com
Teste_1914 LTDA,luiz.hillebrande1505@gmail.com
Teste_1915 LTDA,luiz.hillebrande1505@gmail.com
Teste_1916 LTDA,luiz.hillebrande1505@gmail.com
Teste_1917 LTDA,luiz.hillebrande1505@gmail.com
Teste_1918 LTDA,luiz.hillebrande1505@gmail.com
Teste_1919 LTDA,luiz.hillebrande1505@gmail.com
Teste_1920 LTDA,luiz.hillebrande1505@gmail.com
Teste_1921 LTDA,luiz.hillebrande1505@gmail.com
Teste_1922 LTDA,luiz.hillebrande1505@gmail.com
Teste_1923 LTDA,luiz.hillebrande1505@gmail.com
Teste_1924 LTDA,luiz.hillebrande1505@gmail.com
Teste_1925 LTDA,luiz.hillebrande1505@gmail.com
Teste_1926 LTDA,luiz.hillebrande1505@gmail.com
Teste_1927 LTDA,luiz.hillebrande1505@gmail.com
Teste_1928 LTDA,luiz.hillebrande1505@gmail.com
Teste_1929 LTDA,luiz.hillebrande1505@gmail.com
Teste_1930 LTDA,luiz.hillebrande1505@gmail.com
Teste_1931 LTDA,luiz.hillebrande1505@gmail.com
Teste_1932 LTDA,luiz.hillebrande1505@gmail.com
Teste_1933 LTDA,luiz.hillebrande1505@gmail.com
Teste_1934 LTDA,luiz.hillebrande1505@gmail.com
Teste_1935 LTDA,luiz.hillebrande1505@gmail.com
Teste_1936 LTDA,luiz.hillebrande1505@gmail.com
Teste_1937 LTDA,luiz.hillebrande1505@gmail.com
Teste_1938 LTDA,luiz.hillebrande1505@gmail.com
Teste_1939 LTDA,luiz.hillebrande1505@gmail.com
Teste_1940 LTDA,luiz.hillebrande1505@gmail.com
Teste_1941 LTDA,luiz.hillebrande1505@gmail.com
Teste_1942 LTDA,luiz.hillebrande1505@gmail.com
Teste_1943 LTDA,luiz.hillebrande1505@gmail.com
Teste_1944 LTDA,luiz.hillebrande1505@gmail.com
Teste_1945 LTDA,luiz.hillebrande1505@gmail.com
Teste_1946 LTDA,luiz.hillebrande1505@gmail.com
Teste_1947 LTDA,luiz.hillebrande1505@gmail.com
Teste_1948 LTDA,luiz.hillebrande1505@gmail.com
Teste_1949 LTDA,luiz.hillebrande1505@gmail.com
Teste_1950 LTDA,luiz.hillebrande1505@gmail.com
Teste_1951 LTDA,luiz.hillebrande1505@gmail.com
Teste_1952 LTDA,luiz.hillebrande1505@gmail.com
Teste_1953 LTDA,luiz.hillebrande1505@gmail.com
Teste_1954 LTDA,luiz.hillebrande1505@gmail.com
Teste_1955 LTDA,luiz.hillebrande1505@gmail.com
Teste_1956 LTDA,luiz.hillebrande1505@gmail.com
Teste_1957 LTDA,luiz.hillebrande1505@gmail.com
Teste_1958 LTDA,luiz.hillebrande1505@gmail.com
Teste_1959 LTDA,luiz.hillebrande1505@gmail.com
Teste_1960 LTDA,luiz.hillebrande1505@gmail.com
Teste_1961 LTDA,luiz.hillebrande1505@gmail.com
Teste_1962 LTDA,luiz.hillebrande1505@gmail.com
Teste_1963 LTDA,luiz.hillebrande1505@gmail.com
Teste_1964 LTDA,luiz.hillebrande1505@gmail.com
Teste_1965 LTDA,luiz.hillebrande1505@gmail.com
Teste_1966 LTDA,luiz.hillebrande1505@gmail.com
Teste_1967 LTDA,luiz.hillebrande1505@gmail.com
Teste_1968 LTDA,luiz.hillebrande1505@gmail.com
Teste_1969 LTDA,luiz.hillebrande1505@gmail.com
Teste_1970 LTDA,luiz.hillebrande1505@gmail.com
Teste_1971 LTDA,luiz.hillebrande1505@gmail.com
Teste_1972 LTDA,luiz.hillebrande1505@gmail.com
Teste_1973 LTDA,luiz.hillebrande1505@gmail.com
Teste_1974 LTDA,luiz.hillebrande1505@gmail.com
Teste_1975 LTDA,luiz.hillebrande1505@gmail.com
Teste_1976 LTDA,luiz.hillebrande1505@gmail.com
Teste_1977 LTDA,luiz.hillebrande1505@gmail.com
Teste_1978 LTDA,luiz.hillebrande1505@gmail.com
Teste_1979 LTDA,luiz.hillebrande1505@gmail.com
Teste_1980 LTDA,luiz.hillebrande1505@gmail.com
Teste_1981 LTDA,luiz.hillebrande1505@gmail.com
Teste_1982 LTDA,luiz.hillebrande1505@gmail.com
Teste_1983 LTDA,luiz.hillebrande1505@gmail.com
Teste_1984 LTDA,luiz.hillebrande1505@gmail.com
Teste_1985 LTDA,luiz.hillebrande1505@gmail.com
Teste_1986 LTDA,luiz.hillebrande1505@gmail.com
Teste_1987 LTDA,luiz.hillebrande1505@gmail.com
Teste_1988 LTDA,luiz.hillebrande1505@gmail.com
Teste_1989 LTDA,luiz.hillebrande1505@gmail.com
Teste_1990 LTDA,luiz.hillebrande1505@gmail.com
Teste_1991 LTDA,luiz.hillebrande1505@gmail.com
Teste_1992 LTDA,luiz.hillebrande1505@gmail.com
Teste_1993 LTDA,luiz.hillebrande1505@gmail.com
Teste_1994 LTDA,luiz.hillebrande1505@gmail.com
Teste_1995 LTDA,luiz.hillebrande1505@gmail.com
Teste_1996 LTDA,luiz.hillebrande1505@gmail.com
Teste_1997 LTDA,luiz.hillebrande1505@gmail.com
Teste_1998 LTDA,luiz.hillebrande1505@gmail.com
Teste_1999 LTDA,luiz.hillebrande1505@gmail.com
